symbol,date,trend_atr,gap_atr,extension_atr,range_close_pct,volume_multiple,change_atr,fade_atr,days_since_high,trend_start,euphoric_high,fade_type,consecutive_reds,outlier_volume,outlier_range_atr,dev_band_upper_05,d0_open,d0_high,d_minus_1_avg_dollar_vol_20d,scanner_version,setup_grade
AMZN,2025-08-14,7.84,0.48,0.91,87.7,0.78,0.52,2.02,13,2025-05-01,2025-07-31,multiple_red,3,2.78,1.3,226.79,227.4,233.11,10412.5,V11,B
HOOD,2025-07-10,17.87,0.43,1.31,96.2,0.87,1.04,2.02,7,2025-04-23,2025-07-02,multiple_red,3,2.28,3.26,95.8,95.9,98.76,4236.3,V11,B
TSLA,2025-06-11,4.64,0.47,1.33,89.9,1.25,0.98,2.33,12,2025-04-25,2025-05-29,multiple_red,7,2.53,2.91,334.12,334.4,335.5,40146.3,V11,B
CVS,2025-05-01,10.78,3.1,3.83,92.5,1.08,0.91,2.57,22,2025-01-14,2025-04-08,multiple_red,3,2.44,2.53,67.75,72.5,72.51,782.3,V11,B
BABA,2025-04-23,15.93,0.99,1.75,64.9,0.92,1.54,8.75,36,2025-01-24,2025-03-17,multiple_red,3,2.58,2.23,116.28,119.59,123.81,3423.8,V11,B
BABA,2025-04-23,15.93,0.99,1.75,64.9,0.92,1.54,8.75,36,2025-01-24,2025-03-17,multiple_red,3,2.58,2.23,116.28,119.59,123.81,3423.8,V11,B
SPXS,2025-04-09,16.11,0.67,5.92,78.5,1.3,1.62,2.93,1,2025-02-25,2025-04-07,multiple_red,6,2.06,0.55,8.73,10.04,10.07,713.7,V11,B
META,2025-03-25,6.67,0.48,0.88,64.3,0.9,1.36,7.36,38,2025-01-06,2025-02-14,multiple_red,6,0.76,2.05,619.6,626.76,633.88,10887.3,V11,B
META,2025-03-25,6.67,0.48,0.88,64.3,0.9,1.36,7.36,38,2025-01-06,2025-02-14,multiple_red,6,0.76,2.05,619.6,626.76,633.88,10887.3,V11,B
META,2025-03-25,6.67,0.48,0.88,64.3,0.9,1.36,7.36,38,2025-01-06,2025-02-14,multiple_red,6,0.76,2.05,619.6,626.76,633.88,10887.3,V11,B
RBLX,2025-03-03,13.3,0.42,1.43,69.7,1.1,1.78,6.7,23,2024-10-31,2025-02-05,multiple_red,6,5.4,4.46,63.71,64.4,65.17,808.4,V11,B
INTC,2025-03-03,5.0,1.25,2.31,60.6,0.86,0.63,3.77,10,2025-02-12,2025-02-18,outlier_fade,0,2.58,3.11,24.3,25.0,25.04,2832.7,V11,B
TQQQ,2025-01-22,4.6,0.72,1.39,77.7,0.81,0.43,2.86,36,2024-11-06,2024-12-16,multiple_red,3,1.74,3.71,84.46,86.84,88.91,4152.5,V11,B
TQQQ,2025-01-22,4.6,0.72,1.39,77.7,0.81,0.43,2.86,36,2024-11-06,2024-12-16,multiple_red,3,1.74,3.71,84.46,86.84,88.91,4152.5,V11,B
AVGO,2025-01-21,10.58,0.59,1.29,87.9,0.93,1.17,2.11,32,2024-12-06,2024-12-16,multiple_red,7,3.4,3.33,236.27,241.5,242.75,7681.3,V11,B
MRVL,2025-01-06,16.74,1.2,2.21,95.8,0.74,1.36,2.35,18,2024-08-16,2024-12-16,multiple_red,2,1.81,3.28,116.66,122.29,123.41,1813.1,V11,B
SQ,2025-01-06,12.11,0.53,1.59,85.7,1.51,1.96,2.57,29,2024-09-16,2024-12-05,multiple_red,3,1.23,3.09,91.24,93.63,93.83,647.1,V11,B
QQQ,2025-01-06,8.9,0.76,1.6,85.0,0.93,1.17,2.87,18,2024-09-13,2024-12-16,multiple_red,3,2.03,3.11,524.09,524.02,527.92,16262.1,V11,B
TQQQ,2025-01-06,4.78,0.82,1.71,84.5,1.06,1.21,3.65,18,2024-11-06,2024-12-16,multiple_red,3,1.74,3.71,85.35,84.97,86.85,3691.3,V11,B
TQQQ,2025-01-06,4.78,0.82,1.71,84.5,1.06,1.21,3.65,18,2024-11-06,2024-12-16,multiple_red,3,1.74,3.71,85.35,84.97,86.85,3691.3,V11,B
HOOD,2024-12-16,10.25,0.64,1.62,89.4,0.76,0.69,2.03,8,2024-11-06,2024-12-05,multiple_red,3,1.96,3.31,41.21,41.02,43.83,985.1,V11,B
SOFI,2024-11-18,19.07,0.46,1.96,89.4,0.74,0.63,2.21,4,2024-08-19,2024-11-11,multiple_red,2,0.86,2.44,13.57,13.8,14.3,768.2,V11,B
HOOD,2024-11-06,6.92,2.7,3.23,63.2,0.81,0.64,3.61,6,2024-09-12,2024-10-30,outlier_fade,0,2.78,3.35,27.38,27.73,30.06,415.8,V11,B
CVS,2024-11-06,5.68,3.78,4.39,99.0,0.88,0.42,7.55,22,2024-09-18,2024-10-14,outlier_fade,0,3.01,1.77,58.5,61.7,63.33,757.3,V11,B
AFRM,2024-10-09,7.78,0.77,1.6,77.3,1.42,1.12,3.01,19,2024-08-19,2024-09-19,multiple_red,3,,,41.88,42.9,43.83,390.1,V11,B
KWEB,2024-10-04,17.1,1.49,2.73,65.2,1.25,1.71,2.17,1,2024-09-19,2024-10-02,outlier_fade,0,2.97,2.33,35.79,38.23,38.45,1124.3,V11,B
UVXY,2024-09-04,17.58,0.47,2.89,83.0,1.97,2.68,15.58,29,2024-07-22,2024-08-05,multiple_red,5,2.48,6.61,26.71,29.43,30.36,336.8,V11,B
UVXY,2024-09-04,17.58,0.47,2.89,83.0,1.97,2.68,15.58,29,2024-07-22,2024-08-05,multiple_red,5,2.48,6.61,26.71,29.43,30.36,336.8,V11,B
MS,2024-08-15,5.25,0.72,1.74,62.7,1.4,1.44,5.11,29,2024-07-01,2024-07-16,multiple_red,3,2.4,3.47,98.87,100.8,101.2,722.1,V11,B
META,2024-08-07,5.12,0.71,1.91,64.6,1.15,1.44,3.82,29,2024-06-03,2024-07-08,multiple_red,3,1.32,2.32,495.39,503.13,510.15,8798.0,V11,B
META,2024-08-07,5.12,0.71,1.91,64.6,1.15,1.44,3.82,29,2024-06-03,2024-07-08,multiple_red,3,1.32,2.32,495.39,503.13,510.15,8798.0,V11,B
META,2024-08-07,5.12,0.71,1.91,64.6,1.15,1.44,3.82,29,2024-06-03,2024-07-08,multiple_red,3,1.32,2.32,495.39,503.13,510.15,8798.0,V11,B
PLTR,2024-08-06,6.67,2.84,5.59,89.7,1.91,0.63,5.58,18,2024-06-05,2024-07-18,multiple_red,5,1.12,2.11,27.1,27.05,27.42,1256.7,V11,B
META,2024-08-01,5.34,3.71,4.36,82.9,1.59,0.95,5.56,23,2024-06-03,2024-07-08,multiple_red,3,1.32,2.32,487.19,521.0,527.17,7469.1,V11,B
META,2024-08-01,5.34,3.71,4.36,82.9,1.59,0.95,5.56,23,2024-06-03,2024-07-08,multiple_red,3,1.32,2.32,487.19,521.0,527.17,7469.1,V11,B
META,2024-08-01,5.34,3.71,4.36,82.9,1.59,0.95,5.56,23,2024-06-03,2024-07-08,multiple_red,3,1.32,2.32,487.19,521.0,527.17,7469.1,V11,B
SOXL,2024-07-05,10.03,0.59,1.86,74.0,0.83,1.11,2.31,15,2024-05-10,2024-06-18,multiple_red,3,1.16,2.93,59.63,61.86,62.38,2769.5,V11,B
SOXL,2024-07-05,10.03,0.59,1.86,74.0,0.83,1.11,2.31,15,2024-05-10,2024-06-18,multiple_red,3,1.16,2.93,59.63,61.86,62.38,2769.5,V11,B
SOXL,2024-07-05,10.03,0.59,1.86,74.0,0.83,1.11,2.31,15,2024-05-10,2024-06-18,multiple_red,3,1.16,2.93,59.63,61.86,62.38,2769.5,V11,B
SOXL,2024-07-05,10.03,0.59,1.86,74.0,0.83,1.11,2.31,15,2024-05-10,2024-06-18,multiple_red,3,1.16,2.93,59.63,61.86,62.38,2769.5,V11,B
AAPL,2024-06-27,13.91,0.42,1.19,61.8,0.75,1.23,2.05,14,2024-05-02,2024-06-12,multiple_red,3,3.01,3.98,212.88,214.69,215.74,18205.4,V11,B
AAPL,2024-06-27,13.91,0.42,1.19,61.8,0.75,1.23,2.05,14,2024-05-02,2024-06-12,multiple_red,3,3.01,3.98,212.88,214.69,215.74,18205.4,V11,B
MRVL,2024-06-13,4.17,0.51,1.32,98.2,0.85,1.24,2.12,15,2024-05-10,2024-05-28,multiple_red,3,3.29,3.91,72.51,74.59,75.7,872.7,V11,B
GME,2024-05-28,35.17,2.91,3.83,65.7,0.76,0.49,33.33,10,2024-05-03,2024-05-14,multiple_red,3,6.49,25.09,25.88,23.1,26.66,1670.2,V11,B
GME,2024-05-28,35.17,2.91,3.83,65.7,0.76,0.49,33.33,10,2024-05-03,2024-05-14,multiple_red,3,6.49,25.09,25.88,23.1,26.66,1670.2,V11,B
GME,2024-05-28,35.17,2.91,3.83,65.7,0.76,0.49,33.33,10,2024-05-03,2024-05-14,multiple_red,3,6.49,25.09,25.88,23.1,26.66,1670.2,V11,B
MSTR,2024-05-06,22.31,0.83,1.65,72.5,1.0,1.54,12.81,37,2024-02-09,2024-03-27,multiple_red,4,1.21,7.28,126.58,127.38,133.9,2008.6,V11,B
MSTR,2024-05-06,22.31,0.83,1.65,72.5,1.0,1.54,12.81,37,2024-02-09,2024-03-27,multiple_red,4,1.21,7.28,126.58,127.38,133.9,2008.6,V11,B
SPY,2024-05-06,18.62,0.51,1.09,68.4,1.01,1.31,2.79,36,2023-11-06,2024-03-28,multiple_red,6,1.29,2.49,511.17,513.75,516.61,36489.5,V11,B
SPY,2024-05-03,18.73,1.28,2.43,86.4,0.87,0.99,4.12,35,2023-11-06,2024-03-28,multiple_red,6,1.29,2.49,509.09,511.16,512.55,36561.8,V11,B
AMZN,2024-04-29,10.77,0.88,1.86,74.4,1.14,1.67,2.85,15,2024-01-09,2024-04-11,multiple_red,3,1.29,2.14,181.74,182.75,183.53,6965.9,V11,B
SPY,2024-04-26,18.98,0.61,1.89,88.5,0.92,0.41,4.51,28,2023-11-06,2024-03-28,multiple_red,6,1.29,2.49,508.25,506.35,509.88,38308.5,V11,B
MSFT,2024-04-26,8.19,1.91,3.51,92.8,2.11,1.46,4.64,35,2024-01-08,2024-03-21,multiple_red,6,2.11,1.73,411.85,412.17,413.0,7964.9,V11,B
MSFT,2024-04-26,8.19,1.91,3.51,92.8,2.11,1.46,4.64,35,2024-01-08,2024-03-21,multiple_red,6,2.11,1.73,411.85,412.17,413.0,7964.9,V11,B
JPM,2024-04-23,22.36,0.68,2.03,82.8,1.09,1.42,4.55,21,2023-11-09,2024-04-01,multiple_red,7,3.18,2.56,190.34,191.13,192.22,2007.2,V11,B
SMCI,2024-04-17,25.0,0.42,2.63,94.2,1.28,2.5,6.76,39,2023-12-14,2024-03-08,multiple_red,4,0.75,4.62,97.18,99.2,102.03,5372.5,V11,B
SMCI,2024-04-17,25.0,0.42,2.63,94.2,1.28,2.5,6.76,39,2023-12-14,2024-03-08,multiple_red,4,0.75,4.62,97.18,99.2,102.03,5372.5,V11,B
C,2024-04-12,20.98,1.51,2.66,87.1,1.12,0.51,3.09,10,2023-11-03,2024-04-01,multiple_red,2,,,61.76,62.29,62.6,985.0,V11,B
MRVL,2024-03-27,7.06,1.46,2.09,67.5,0.74,0.95,7.78,19,2024-02-22,2024-03-07,multiple_red,5,2.17,2.07,69.92,71.55,72.77,1306.3,V11,B
VKTX,2024-03-04,53.94,2.85,5.66,64.5,1.35,4.96,8.61,2,2023-11-16,2024-02-28,outlier_fade,0,3.74,8.42,76.34,90.0,94.67,659.8,V11,B
VKTX,2024-03-04,53.94,2.85,5.66,64.5,1.35,4.96,8.61,2,2023-11-16,2024-02-28,outlier_fade,0,3.74,8.42,76.34,90.0,94.67,659.8,V11,B
MSTR,2024-02-09,15.78,1.63,4.21,99.0,1.79,3.32,5.82,37,2023-10-20,2024-01-02,multiple_red,6,1.93,2.67,56.01,62.74,64.89,632.9,V11,B
MSTR,2024-02-09,15.78,1.63,4.21,99.0,1.79,3.32,5.82,37,2023-10-20,2024-01-02,multiple_red,6,1.93,2.67,56.01,62.74,64.89,632.9,V11,B
MSTR,2024-02-08,16.0,0.91,2.6,98.5,0.89,0.42,9.26,36,2023-10-20,2024-01-02,multiple_red,6,1.93,2.67,53.28,53.0,58.85,612.8,V11,B
MSTR,2024-02-08,16.0,0.91,2.6,98.5,0.89,0.42,9.26,36,2023-10-20,2024-01-02,multiple_red,6,1.93,2.67,53.28,53.0,58.85,612.8,V11,B
CVS,2024-02-07,7.99,0.9,1.76,76.5,0.85,0.86,6.2,29,2023-12-05,2024-01-08,multiple_red,5,2.23,2.9,74.88,75.15,77.4,1027.7,V11,B
SOXL,2024-02-05,13.44,0.58,1.53,84.6,0.94,0.77,3.79,8,2023-11-08,2024-01-25,multiple_red,2,,,34.98,34.55,35.6,2317.8,V11,B
SOXL,2024-02-05,13.44,0.58,1.53,84.6,0.94,0.77,3.79,8,2023-11-08,2024-01-25,multiple_red,2,,,34.98,34.55,35.6,2317.8,V11,B
SOXL,2024-02-05,13.44,0.58,1.53,84.6,0.94,0.77,3.79,8,2023-11-08,2024-01-25,multiple_red,2,,,34.98,34.55,35.6,2317.8,V11,B
SOXL,2024-02-05,13.44,0.58,1.53,84.6,0.94,0.77,3.79,8,2023-11-08,2024-01-25,multiple_red,2,,,34.98,34.55,35.6,2317.8,V11,B
COIN,2024-01-30,16.63,0.52,1.66,63.3,1.12,1.23,8.83,32,2023-11-02,2023-12-28,multiple_red,3,1.42,2.81,133.51,136.05,136.7,2258.5,V11,B
COIN,2024-01-30,16.63,0.52,1.66,63.3,1.12,1.23,8.83,32,2023-11-02,2023-12-28,multiple_red,3,1.42,2.81,133.51,136.05,136.7,2258.5,V11,B
SQ,2024-01-30,12.96,0.58,2.27,97.8,1.31,1.69,4.76,32,2023-11-06,2023-12-28,multiple_red,4,,,67.88,70.35,71.41,680.6,V11,B
AFRM,2024-01-22,18.15,1.4,3.03,97.7,0.76,1.23,6.22,23,2023-11-03,2023-12-27,multiple_red,5,0.74,2.33,44.03,44.52,47.75,761.9,V11,B
C,2024-01-22,12.49,0.46,1.36,84.9,0.97,0.41,3.23,15,2023-11-03,2024-01-04,outlier_fade,0,1.77,2.59,52.84,51.98,53.1,979.1,V11,B
SOXL,2024-01-18,9.62,1.55,2.54,92.5,1.27,0.52,2.97,20,2023-11-08,2023-12-28,multiple_red,4,,,29.99,30.72,31.31,1744.5,V11,B
SOXL,2024-01-18,9.62,1.55,2.54,92.5,1.27,0.52,2.97,20,2023-11-08,2023-12-28,multiple_red,4,,,29.99,30.72,31.31,1744.5,V11,B
SOXL,2024-01-18,9.62,1.55,2.54,92.5,1.27,0.52,2.97,20,2023-11-08,2023-12-28,multiple_red,4,,,29.99,30.72,31.31,1744.5,V11,B
SOXL,2024-01-18,9.62,1.55,2.54,92.5,1.27,0.52,2.97,20,2023-11-08,2023-12-28,multiple_red,4,,,29.99,30.72,31.31,1744.5,V11,B
MARA,2024-01-04,18.66,0.61,3.18,90.6,1.18,0.43,6.72,7,2023-10-25,2023-12-27,multiple_red,3,1.63,2.39,26.43,24.16,26.88,1827.3,V11,B
