ticker,date,entry_price,exit_price,shares,pnl_per_share,total_pnl,exit_reason,stop_loss,fade_50,fade_70,fade_85,prev_close,gap_pct,pm_high_pct,day_high,day_low,day_close
SASI,2024-01-03,4.69,3.795,154,0.8950000000000005,137.83000000000007,fade_50,5.985,3.795,3.4370000000000003,3.1685,2.9,61.724137931034505,96.55172413793105,5.7,3.75,4.0
ABVC,2024-01-03,2.1699,1.93,496,0.23990000000000022,118.99040000000011,eod_close,2.5725000000000002,1.6849500000000002,1.49097,1.345485,1.2,80.82500000000003,104.1666666666667,2.45,1.75,1.93
NEXI,2024-01-03,7.35,6.2,47,1.1499999999999995,54.049999999999976,eod_close,11.518500000000001,4.8625,3.8674999999999997,3.12125,2.375,209.4736842105263,361.8947368421053,10.97,5.87,6.2
OMGA,2024-01-04,5.25,5.315,146,-0.06500000000000039,-9.490000000000057,eod_close,6.615,3.99,3.4859999999999998,3.108,2.73,92.3076923076923,130.76923076923075,6.3,4.78,5.315
MINM,2024-01-04,5.11,3.62,189,1.4900000000000002,281.61,eod_close,6.1635,3.41,2.73,2.2199999999999998,1.71,198.83040935672517,243.27485380116963,5.87,3.46,3.62
AIMD,2024-01-05,20.225,14.4375,87,5.787500000000001,503.5125000000001,fade_50,22.521975,14.4375,12.1225,10.38625,8.65,133.8150289017341,147.97109826589593,21.4495,12.6,13.7
SPEC,2024-01-08,2.61,2.33,255,0.2799999999999998,71.39999999999995,eod_close,3.3915,2.145,1.9589999999999999,1.8195,1.68,55.35714285714286,92.26190476190477,3.23,2.17,2.33
AMAM,2024-01-08,27.04,27.47,103,-0.4299999999999997,-44.28999999999997,eod_close,28.980000000000004,20.335,17.653,15.6415,13.63,98.38591342626557,102.49449743213499,27.6,26.9,27.47
HARP,2024-01-08,22.3,22.36,145,-0.05999999999999872,-8.699999999999815,eod_close,23.677500000000002,16.425,14.075000000000001,12.3125,10.55,111.37440758293837,113.74407582938386,22.55,22.22,22.36
BTBD,2024-01-09,2.95,2.57,792,0.38000000000000034,300.96000000000026,eod_close,3.2025,2.42355,2.21297,2.055035,1.8971,55.5005007643245,60.771704180064305,3.05,2.43,2.57
SNTG,2024-01-09,4.55,3.34,583,1.21,705.43,fade_50,4.893000000000001,3.34,2.856,2.493,2.13,113.6150234741784,118.7793427230047,4.66,3.25,3.47
CMND,2024-01-10,3.51,2.79,803,0.7199999999999998,578.1599999999999,fade_50,3.7590000000000003,2.79,2.502,2.286,2.07,69.56521739130434,72.94685990338165,3.58,2.66,2.93
NVNI,2024-01-10,2.64,2.037775,349,0.6022250000000002,210.17652500000008,fade_85,3.213,2.28575,2.14405,2.037775,1.9315,36.681335749417556,58.42609370955216,3.06,1.9701,2.39
CELU,2024-01-18,2.767,2.89,270,-0.12300000000000022,-33.21000000000006,eod_close,3.507,2.325,2.1482,2.0156,1.883,46.94636218799787,77.37652681890599,3.34,2.535,2.89
SGMT,2024-01-22,15.0,18.42,29,-3.4200000000000017,-99.18000000000005,eod_close,21.745500000000003,10.91,9.274000000000001,8.047,6.82,119.94134897360702,203.6656891495601,20.71,12.1,18.42
EVAX,2024-01-24,46.65,53.25,8,-6.600000000000001,-52.80000000000001,eod_close,71.4525,35.8,31.46,28.205,24.95,86.97394789579158,172.74549098196394,68.05,41.7505,53.25
LVTX,2024-01-25,2.31,2.23,828,0.08000000000000007,66.24000000000007,eod_close,2.5515000000000003,1.935,1.7850000000000001,1.6725,1.56,48.07692307692307,55.769230769230774,2.43,2.02,2.23
PCSA,2024-01-25,3.65,5.1,78,-1.4499999999999997,-113.09999999999998,eod_close,6.205395,2.8499999999999996,2.53,2.29,2.05,78.04878048780489,188.28780487804883,5.9099,3.62,5.1
CRBP,2024-01-26,16.81,29.49,7,-12.68,-88.75999999999999,eod_close,41.957685,12.625,10.950999999999999,9.6955,8.44,99.17061611374407,373.45616113744074,39.9597,16.25,29.49
PBLA,2024-01-26,5.0,4.125,313,0.875,273.875,fade_50,5.6385000000000005,4.125,3.775,3.5125,3.25,53.84615384615385,65.23076923076923,5.37,3.82,4.27
PALI,2024-01-29,17.55,14.4,33,3.1500000000000004,103.95000000000002,eod_close,23.4675,12.675,10.725,9.2625,7.8,125.0,186.53846153846155,22.35,13.95,14.4
PXLW,2024-01-30,24.24,21.0,30,3.2399999999999984,97.19999999999996,fade_50,30.744000000000003,21.0,19.704,18.732,17.76,36.48648648648646,64.86486486486484,29.28,19.92,20.1
INBS,2024-02-02,4.14,5.95,62,-1.8100000000000005,-112.22000000000003,eod_close,7.3395,3.275,2.929,2.6695,2.41,71.7842323651452,190.0414937759336,6.99,3.93,5.95
YTEN,2024-02-05,10.896,8.200800000000001,59,2.6952,159.0168,fade_50,14.238000000000001,8.200800000000001,7.12272,6.31416,5.5056,97.9075850043592,146.29468177855273,13.56,8.16,8.4
FDMT,2024-02-05,30.05,32.29,27,-2.2399999999999984,-60.47999999999996,eod_close,37.39407,23.77,21.258,19.374,17.49,71.81246426529448,103.62149799885651,35.6134,28.7501,32.29
TENX,2024-02-06,20.31,12.197,89,8.113,722.057,fade_70,22.532895000000003,14.515,12.197,10.4585,8.72,132.9128440366972,146.0997706422018,21.4599,10.7,11.45
GLT,2024-02-07,32.89,34.32,48,-1.4299999999999997,-68.63999999999999,eod_close,36.991499999999995,24.765,21.515,19.0775,16.64,97.65625,111.71874999999996,35.23,25.48,34.32
HKIT,2024-02-08,5.68,3.41,177,2.2699999999999996,401.7899999999999,fade_50,6.804000000000001,3.41,2.502,1.8209999999999997,1.14,398.2456140350878,468.421052631579,6.48,2.91,3.63
CCTG,2024-02-08,5.81,4.75,135,1.0599999999999996,143.09999999999994,eod_close,7.287000000000001,4.199999999999999,3.5559999999999996,3.073,2.59,124.32432432432432,167.953667953668,6.94,4.3,4.75
SYRA,2024-02-08,3.25,4.85,36,-1.5999999999999996,-57.59999999999999,eod_close,8.788499999999999,2.18045,1.75263,1.431765,1.1109,192.55558556125663,653.4431541992979,8.37,3.13,4.85
BETS,2024-02-08,3.1,3.5,136,-0.3999999999999999,-54.39999999999999,eod_close,4.5675,2.44,2.176,1.978,1.78,74.15730337078652,144.3820224719101,4.35,2.54,3.5
TOP,2024-02-09,6.95,5.39,165,1.5600000000000005,257.4000000000001,eod_close,8.1585,5.11,4.3740000000000006,3.822,3.27,112.53822629969419,137.61467889908255,7.77,5.21,5.39
WISH,2024-02-12,6.42,6.26,248,0.16000000000000014,39.680000000000035,eod_close,7.224,5.46,5.076,4.788,4.5,42.666666666666664,52.8888888888889,6.88,6.0,6.26
MGIH,2024-02-12,1.85,3.11,24,-1.2599999999999998,-30.239999999999995,eod_close,10.0485,1.44,1.276,1.153,1.03,79.6116504854369,829.1262135922331,9.57,1.66,3.11
BMR,2024-02-12,6.07,9.95,6,-3.879999999999999,-23.279999999999994,eod_close,36.687,4.09,3.298,2.7039999999999997,2.11,187.67772511848344,1555.9241706161138,34.94,6.05,9.95
BGLC,2024-02-13,10.6,15.7,8,-5.1,-40.8,eod_close,35.595,7.355,6.057,5.0835,4.11,157.9075425790754,724.817518248175,33.9,9.5,15.7
OMH,2024-02-13,52.9,24.55,19,28.349999999999998,538.65,fade_70,63.0,32.65,24.55,18.475,12.4,326.61290322580646,383.8709677419355,60.0,22.1,22.6
ELWS,2024-02-14,8.8,6.55,41,2.250000000000001,92.25000000000004,eod_close,13.65,5.5375,4.2325,3.25375,2.275,286.81318681318686,471.42857142857144,13.0,6.15,6.55
IINN,2024-02-14,1.79,1.209,746,0.581,433.426,fade_70,2.058,1.375,1.209,1.0845,0.96,86.45833333333334,104.16666666666666,1.96,1.11,1.3
DTSS,2024-02-14,10.54,8.98,18,1.5599999999999987,28.079999999999977,eod_close,21.3045,6.004999999999999,4.191,2.8305,1.47,617.0068027210884,1280.2721088435374,20.29,8.3,8.98
CCG,2024-02-14,6.56,4.87,50,1.6899999999999995,84.49999999999997,fade_50,10.5,4.87,4.194,3.6870000000000003,3.18,106.2893081761006,214.46540880503142,10.0,4.5501,4.75
COGT,2024-02-14,8.5503,8.7,149,-0.14969999999999928,-22.305299999999892,eod_close,9.88554,7.00515,6.38709,5.923545,5.46,56.5989010989011,72.43223443223444,9.4148,7.95,8.7
CNVS,2024-02-14,3.18,2.365,211,0.815,171.96499999999997,fade_50,4.1265,2.365,2.039,1.7945,1.55,105.16129032258065,153.5483870967742,3.93,2.11,2.35
CHNR,2024-02-15,20.88,27.76,3,-6.880000000000003,-20.640000000000008,eod_close,74.34,14.564799999999998,12.038719999999998,10.14416,8.2496,153.1031807602793,758.2234290147401,70.8,19.28,27.76
JXJT,2024-02-15,8.5,3.404,459,5.096,2339.064,fade_70,8.9355,4.86,3.404,2.3120000000000003,1.22,596.7213114754098,597.5409836065575,8.51,2.6,2.83
NNOX,2024-02-15,12.44,9.4,223,3.039999999999999,677.9199999999998,fade_50,13.334999999999999,9.4,8.184,7.272,6.36,95.59748427672955,99.68553459119495,12.7,9.19,9.5
SOUN,2024-02-15,4.01,3.1325,790,0.8775,693.2249999999999,fade_50,4.263,3.1325,2.7815,2.51825,2.255,77.82705099778269,80.04434589800442,4.06,3.11,3.76
TCTM,2024-02-16,1.94,1.5,344,0.43999999999999995,151.35999999999999,fade_50,2.52,1.5,1.324,1.192,1.06,83.01886792452828,126.41509433962264,2.4,1.401,1.8
CPOP,2024-02-16,3.94,2.635,50,1.3050000000000002,65.25000000000001,fade_50,7.864395,2.635,2.113,1.7215,1.33,196.24060150375936,463.15037593984954,7.4899,2.48,2.65
AMBO,2024-02-16,3.0,3.0,55,0.0,0.0,eod_close,6.61605,2.19,1.8659999999999999,1.6229999999999998,1.38,117.3913043478261,356.5942028985508,6.301,2.55,3.0
GXAI,2024-02-16,14.4,8.73,34,5.67,192.78,fade_50,20.16,8.73,6.462,4.761,3.06,370.5882352941176,527.4509803921569,19.2,7.68,8.4816
SOGP,2024-02-21,4.68,4.42,84,0.2599999999999998,21.839999999999982,eod_close,7.035,3.7775,3.4165,3.14575,2.875,62.782608695652165,133.04347826086956,6.7,3.9,4.42
VTYX,2024-02-21,4.07,5.04,52,-0.9699999999999998,-50.43999999999998,eod_close,7.875,3.5300000000000002,3.314,3.152,2.99,36.12040133779264,150.83612040133775,7.5,3.98,5.04
BZFD,2024-02-22,1.8,1.3372,806,0.4628000000000001,373.0168000000001,fade_50,2.04792,1.3372,1.15208,1.01324,0.8744,105.85544373284539,123.05580969807868,1.9504,1.248,1.3824
MRVI,2024-02-23,6.95,8.36,95,-1.4099999999999993,-133.94999999999993,eod_close,9.051,6.03,5.662,5.386,5.11,36.0078277886497,68.68884540117415,8.62,6.77,8.36
AXTI,2024-02-23,3.16,3.86,103,-0.6999999999999997,-72.09999999999997,eod_close,5.0925,2.7199999999999998,2.544,2.412,2.28,38.59649122807019,112.71929824561404,4.85,3.15,3.86
ZVSA,2024-02-26,14.3,11.155000000000001,16,3.1449999999999996,50.31999999999999,fade_50,26.25,11.155000000000001,9.897,8.9535,8.01,78.52684144818977,212.10986267166044,25.0,10.4,10.8
JANX,2024-02-27,35.79,49.75,10,-13.96,-139.60000000000002,eod_close,54.6,25.445,21.307,18.2035,15.1,137.01986754966887,244.37086092715234,52.0,34.25,49.75
IFBD,2024-02-27,47.12,25.836,19,21.284,404.39599999999996,fade_85,57.372,34.599999999999994,29.592,25.836,22.08,113.4057971014493,147.46376811594203,54.64,8.32,10.24
VKTX,2024-02-27,69.77,85.05,8,-15.280000000000001,-122.24000000000001,eod_close,94.5,54.125,47.867,43.1735,38.48,81.31496881496882,133.88773388773393,90.0,57.56,85.05
APLT,2024-02-28,8.08,7.4,112,0.6799999999999997,76.15999999999997,eod_close,9.8595,6.83,6.33,5.955,5.58,44.80286738351255,68.27956989247312,9.39,6.93,7.4
VANI,2024-02-28,6.05,3.5300000000000002,93,2.5199999999999996,234.35999999999996,fade_50,8.19,3.5300000000000002,2.5220000000000002,1.766,1.01,499.009900990099,672.2772277227723,7.8,3.51,3.74
IXHL,2024-02-28,7.11,5.665,112,1.4450000000000003,161.84000000000003,fade_50,8.893185,5.665,5.087,4.6535,4.22,68.4834123222749,100.7037914691943,8.4697,5.51,6.27
BETS,2024-02-28,3.83,4.28,81,-0.4500000000000002,-36.45000000000002,eod_close,6.2895,3.16,2.8920000000000003,2.6910000000000003,2.49,53.8152610441767,140.5622489959839,5.99,3.33,4.28
BYND,2024-02-28,11.3,9.83,140,1.4700000000000006,205.8000000000001,eod_close,12.725895,9.41,8.654,8.087,7.52,50.26595744680853,61.1688829787234,12.1199,9.62,9.83
ENVB,2024-02-29,29.55,21.0075,12,8.5425,102.51,fade_50,45.99,21.0075,17.5905,15.02775,12.465,137.06377858002406,251.38387484957877,43.8,19.8,21.75
MINM,2024-03-01,5.82,5.0600000000000005,168,0.7599999999999998,127.67999999999996,fade_50,7.0035,5.0600000000000005,4.756,4.528,4.3,35.34883720930234,55.11627906976744,6.67,4.86,5.81
AISP,2024-03-05,3.3,4.95,67,-1.6500000000000004,-110.55000000000003,eod_close,6.2685,2.4749999999999996,2.145,1.8975,1.65,100.0,261.8181818181818,5.97,2.63,4.95
APGE,2024-03-05,59.91,59.3,22,0.6099999999999994,13.419999999999987,eod_close,68.6805,50.825,47.191,44.4655,41.74,43.531384762817424,56.70819357930041,65.41,52.89,59.3
AISP,2024-03-06,8.93,6.9399999999999995,234,1.9900000000000002,465.66,fade_50,9.78159,6.9399999999999995,6.144,5.547,4.95,80.40404040404039,88.19797979797978,9.3158,6.28,6.92
APM,2024-03-06,3.2799,9.49,13,-6.210100000000001,-80.7313,eod_close,18.3645,2.365,1.99904,1.72457,1.4501,126.18440107578787,1106.1237156058203,17.49,2.63,9.49
PHGE,2024-03-06,7.2,6.879,112,0.3210000000000006,35.95200000000007,eod_close,8.977500000000001,4.7555,3.7777000000000003,3.04435,2.311,211.55344006923414,269.96971008221556,8.55,5.21,6.879
HNST,2024-03-07,4.21,3.3089999999999997,216,0.9010000000000002,194.61600000000004,fade_85,5.1345,3.6799999999999997,3.468,3.3089999999999997,3.15,33.65079365079365,55.23809523809524,4.89,3.2355,3.93
BREA,2024-03-07,22.1,19.5,56,2.6000000000000014,145.60000000000008,eod_close,25.62,16.15,13.77,11.985,10.2,116.6666666666667,139.2156862745098,24.4,17.2,19.5
LYT,2024-03-07,9.516,8.7,19,0.8160000000000007,15.504000000000014,eod_close,19.552680000000002,5.913,4.4718,3.3909000000000002,2.31,311.94805194805195,706.1298701298701,18.6216,8.05,8.7
CELZ,2024-03-07,7.97,5.723,70,2.247,157.29,fade_70,10.79526,6.365,5.723,5.241499999999999,4.76,67.43697478991596,115.99159663865547,10.2812,5.68,6.3
AIMD,2024-03-08,14.0,9.8,87,4.199999999999999,365.3999999999999,fade_50,16.275000000000002,9.8,8.12,6.859999999999999,5.6,150.00000000000003,176.78571428571433,15.5,9.0,10.25
PIK,2024-03-11,9.04,4.602,91,4.437999999999999,403.8579999999999,fade_70,11.235,5.869999999999999,4.602,3.651,2.7,234.81481481481475,296.29629629629625,10.7,4.5,4.87
RGLS,2024-03-12,2.33,2.36,121,-0.029999999999999805,-3.6299999999999764,eod_close,3.9795000000000003,1.855,1.665,1.5225,1.38,68.84057971014495,174.6376811594203,3.79,1.98,2.36
CLRO,2024-03-12,25.05,30.9,14,-5.849999999999998,-81.89999999999998,eod_close,39.05842500000001,19.31475,17.02065,15.300075,13.5795,84.46923671711036,173.93129349386948,37.1985,24.15,30.9
GXAI,2024-03-13,10.59,6.901,30,3.689,110.67,fade_70,17.0835,7.955,6.901,6.1105,5.32,99.06015037593984,205.82706766917292,16.27,6.5,8.04
CDLX,2024-03-15,12.5,14.5,66,-2.0,-132.0,eod_close,15.4875,10.342500000000001,9.4795,8.83225,8.185,52.71838729383017,80.2076970067196,14.75,11.8,14.5
OTRK,2024-03-19,7.65,5.25,94,2.4000000000000004,225.60000000000002,fade_50,9.765,5.25,4.29,3.5700000000000003,2.85,168.42105263157896,226.3157894736842,9.3,5.04,6.6
FUSN,2024-03-19,20.96,21.18,152,-0.21999999999999886,-33.43999999999983,eod_close,22.270500000000002,15.8,13.736,12.188,10.64,96.99248120300751,99.3421052631579,21.21,20.85,21.18
ASST,2024-03-21,4.05,3.2874999999999996,484,0.7625000000000002,369.05000000000007,fade_50,4.4625,3.2874999999999996,2.9825,2.7537499999999997,2.525,60.396039603960396,68.31683168316833,4.25,3.0385,3.225
KAVL,2024-03-21,2.23,2.91,107,-0.6800000000000002,-72.76000000000002,eod_close,4.0845,1.78,1.6,1.465,1.33,67.66917293233081,192.4812030075188,3.89,2.22,2.91
NVFY,2024-03-22,3.5,3.04,175,0.45999999999999996,80.5,eod_close,4.640895,2.675,2.345,2.0975,1.85,89.18918918918918,138.91351351351352,4.4199,2.87,3.04
OTLK,2024-03-22,10.77,8.905,130,1.8650000000000002,242.45000000000002,fade_50,12.306000000000001,8.905,8.158999999999999,7.5995,7.04,52.98295454545454,66.47727272727273,11.72,8.3,8.63
CYTO,2024-03-25,3.17,2.162,404,1.008,407.232,fade_70,3.6645000000000003,2.45,2.162,1.946,1.73,83.23699421965318,101.73410404624276,3.49,2.1,2.35
STOK,2024-03-26,11.07,10.29,77,0.7800000000000011,60.06000000000009,eod_close,13.65,8.785,7.871,7.1855,6.5,70.30769230769232,100.0,13.0,10.16,10.29
OPGN,2024-03-26,9.745,7.2475,307,2.4974999999999996,766.7324999999998,fade_50,10.395000000000001,7.2475,6.2485,5.49925,4.75,105.1578947368421,108.42105263157897,9.9,6.4,7.5
LIXT,2024-03-27,3.99,3.1225,317,0.8675000000000002,274.99750000000006,fade_50,4.620000000000001,3.1225,2.7755,2.51525,2.255,76.94013303769404,95.12195121951221,4.4,3.05,3.52
IBIO,2024-03-27,2.7,3.36,130,-0.6599999999999997,-85.79999999999995,eod_close,4.2315000000000005,1.925,1.615,1.3824999999999998,1.15,134.78260869565221,250.4347826086957,4.03,2.3,3.36
PIK,2024-03-28,5.42,4.345,398,1.0750000000000002,427.8500000000001,fade_50,5.921895,4.345,3.915,3.5925,3.27,65.74923547400611,72.47400611620796,5.6399,4.16,4.57
AVTX,2024-03-28,18.7,21.75,11,-3.0500000000000007,-33.55000000000001,eod_close,36.183,11.725,8.934999999999999,6.842499999999999,4.75,293.6842105263158,625.4736842105264,34.46,16.65,21.75
VVPR,2024-04-02,4.68,5.9,57,-1.2200000000000006,-69.54000000000003,eod_close,8.137500000000001,3.0649999999999995,2.4189999999999996,1.9344999999999999,1.45,222.75862068965515,434.48275862068965,7.75,4.16,5.9
TPET,2024-04-02,4.4,3.233,465,1.1670000000000003,542.6550000000001,fade_50,4.83,3.233,2.7662,2.4161,2.066,112.97192642787999,122.65246853823814,4.6,2.892,2.97
AINC,2024-04-02,4.0,5.0,160,-1.0,-160.0,eod_close,5.25,3.0,2.6,2.3,2.0,100.0,150.0,5.0,4.0,5.0
KTRA,2024-04-03,7.5425,5.52825,156,2.0142500000000005,314.22300000000007,fade_50,8.82,5.52825,4.72255,4.118275,3.514,114.64143426294824,139.04382470119523,8.4,4.9735,5.74
ABIO,2024-04-03,34.92,39.0,14,-4.079999999999998,-57.119999999999976,eod_close,48.888000000000005,27.72,24.84,22.68,20.52,70.17543859649123,126.90058479532165,46.56,34.56,39.0
TVGN,2024-04-04,4.73,3.25293,692,1.4770700000000003,1022.1324400000002,fade_70,5.019,3.67495,3.25293,2.9364149999999998,2.6199,80.54124203213865,82.44971182106188,4.78,2.95,3.4
GCTS,2024-04-05,11.03,8.379999999999999,136,2.6500000000000004,360.40000000000003,fade_50,12.495000000000001,8.379999999999999,7.32,6.525,5.73,92.49563699825477,107.6788830715532,11.9,7.5,8.16
LGVN,2024-04-08,3.74,2.431,99,1.3090000000000002,129.591,fade_85,5.7435,2.97,2.662,2.431,2.2,70.0,148.6363636363636,5.47,2.03,2.15
AUUD,2024-04-08,69.87,60.18,6,9.690000000000005,58.14000000000003,eod_close,101.745,47.09,37.978,31.144,24.31,187.41258741258744,298.6013986013986,96.9,58.65,60.18
UCAR,2024-04-08,7.88,5.1770000000000005,169,2.7029999999999994,456.8069999999999,fade_85,9.0615,6.29,5.654,5.1770000000000005,4.7,67.6595744680851,83.61702127659576,8.63,5.16,5.37
LASE,2024-04-09,3.97,2.7,272,1.27,345.44,fade_50,4.704000000000001,2.7,2.192,1.811,1.43,177.62237762237763,213.28671328671334,4.48,2.53,2.59
ACRV,2024-04-09,9.97,9.62,79,0.3500000000000014,27.650000000000112,eod_close,12.495000000000001,7.94,7.128,6.519,5.91,68.69712351945854,101.35363790186128,11.9,8.8,9.62
ADIL,2024-04-10,2.55,1.8399999999999999,611,0.71,433.81,fade_50,2.8770000000000002,1.8399999999999999,1.5559999999999998,1.343,1.13,125.66371681415929,142.4778761061947,2.74,1.75,2.33
MRIN,2024-04-10,3.06,3.8982,75,-0.8382000000000001,-62.865,eod_close,5.7197700000000005,2.3913,2.12382,1.9232099999999999,1.7226,77.63845350052247,216.23127830024384,5.4474,2.832,3.8982
RLYB,2024-04-11,3.33,2.98,660,0.3500000000000001,231.00000000000006,eod_close,3.633,2.48,2.1399999999999997,1.8849999999999998,1.63,104.29447852760738,112.26993865030677,3.46,2.63,2.98
ELYM,2024-04-11,4.01,4.58,204,-0.5700000000000003,-116.28000000000006,eod_close,4.9875,3.34,3.072,2.871,2.67,50.187265917603,77.90262172284645,4.75,3.9201,4.58
NXPL,2024-04-12,2.49,1.7970000000000002,617,0.6930000000000001,427.581,fade_70,2.8140000000000005,1.995,1.7970000000000002,1.6485,1.5,66.00000000000001,78.66666666666669,2.68,1.78,1.87
SNGX,2024-04-15,10.832,7.57392,41,3.2580800000000005,133.58128000000002,fade_70,15.66432,8.5048,7.57392,6.87576,6.1776,75.34317534317535,141.49184149184148,14.9184,7.2,7.52
PALI,2024-04-16,8.75,5.537,144,3.213,462.672,fade_70,10.1325,6.455,5.537,4.8485000000000005,4.16,110.33653846153845,131.97115384615384,9.65,5.34,5.93
INVO,2024-04-17,2.01,1.82,120,0.18999999999999972,22.79999999999997,eod_close,3.6750000000000003,1.3849999999999998,1.135,0.9475,0.76,164.47368421052627,360.5263157894737,3.5,1.7,1.82
BPTH,2024-04-18,5.41,3.5655,75,1.8445,138.3375,fade_85,8.053395,4.325,3.891,3.5655,3.24,66.9753086419753,136.7253086419753,7.6699,3.56,4.2
AGBA,2024-04-18,2.6233,1.72475,204,0.89855,183.30419999999998,fade_50,3.6003450000000004,1.72475,1.3653300000000002,1.095765,0.8262,217.51391914790608,315.0205761316872,3.4289,1.4893,2.1275
TIRX,2024-04-18,7.35,3.9016599999999997,476,3.44834,1641.40984,fade_70,7.7700000000000005,4.8869,3.9016599999999997,3.16273,2.4238,203.2428418186319,205.3057182935886,7.4,3.5,4.0
RWOD,2024-04-19,11.26,9.6283,80,1.6317000000000004,130.53600000000003,fade_50,13.755,9.6283,8.97562,8.48611,7.9966,40.809844183778104,63.81962333991946,13.1,9.38,10.08
ZCMD,2024-04-19,2.65,1.81,881,0.8399999999999999,740.0399999999998,fade_70,2.8770000000000002,2.05,1.81,1.63,1.45,82.75862068965517,88.96551724137933,2.74,1.71,1.94
MLEC,2024-04-22,29.7,21.85,45,7.849999999999998,353.2499999999999,fade_50,34.125,21.85,18.71,16.355,14.0,112.14285714285714,132.14285714285717,32.5,21.0,24.7
MTTR,2024-04-22,4.05,4.8,168,-0.75,-126.0,eod_close,5.2395000000000005,2.8949999999999996,2.433,2.0865,1.74,132.75862068965517,186.7816091954023,4.99,3.24,4.8
PALI,2024-04-23,6.87,5.9,117,0.9699999999999998,113.48999999999997,fade_50,8.5785,5.9,5.512,5.221,4.93,39.35091277890467,65.72008113590265,8.17,5.67,5.92
AMST,2024-04-24,3.8,3.35,264,0.44999999999999973,118.79999999999993,eod_close,4.557,2.9,2.54,2.27,2.0,89.99999999999999,117.0,4.34,2.96,3.35
RILY,2024-04-24,30.61,29.75,32,0.8599999999999994,27.519999999999982,eod_close,36.75,26.165,24.387,23.0535,21.72,40.930018416206266,61.141804788213626,35.0,26.46,29.75
BOF,2024-04-24,1.95,2.08,291,-0.13000000000000012,-37.830000000000034,eod_close,2.635395,1.56,1.404,1.287,1.17,66.66666666666667,114.52136752136752,2.5099,1.68,2.08
PCSA,2024-04-25,2.46,2.43,564,0.029999999999999805,16.919999999999888,eod_close,2.8140000000000005,2.04,1.872,1.746,1.62,51.85185185185184,65.4320987654321,2.68,2.08,2.43
DCPH,2024-04-29,25.2,25.28,136,-0.08000000000000185,-10.880000000000251,eod_close,26.669999999999998,19.925,17.815,16.2325,14.65,72.0136518771331,73.37883959044366,25.4,25.165,25.28
GMM,2024-04-30,22.65,22.2,28,0.4499999999999993,12.59999999999998,eod_close,29.61,18.30225,16.56315,15.258825,13.9545,62.313232290658924,102.0853488122111,28.2,19.8,22.2
CTMX,2024-05-01,3.25,5.13,69,-1.88,-129.72,eod_close,6.1425,2.44,2.1159999999999997,1.8729999999999998,1.63,99.38650306748468,258.8957055214724,5.85,2.78,5.13
EBS,2024-05-02,2.95,3.3,97,-0.34999999999999964,-33.94999999999997,eod_close,4.998,2.44,2.2359999999999998,2.083,1.93,52.8497409326425,146.6321243523316,4.76,2.82,3.3
PRFT,2024-05-06,73.7,73.26,52,0.4399999999999977,22.87999999999988,eod_close,77.5425,60.905,55.787,51.9485,48.11,53.19060486385367,53.502390355435445,73.85,73.17,73.26
XBP,2024-05-06,4.32,3.22,883,1.1,971.3000000000001,fade_50,4.5465,3.22,2.7800000000000002,2.45,2.12,103.77358490566037,104.24528301886791,4.33,3.1,3.5
CMND,2024-05-07,1.75,1.46,1428,0.29000000000000004,414.12000000000006,fade_50,1.8900000000000001,1.46,1.3439999999999999,1.257,1.17,49.57264957264958,53.846153846153854,1.8,1.36,1.48
REBN,2024-05-08,3.09,3.19,120,-0.10000000000000009,-12.00000000000001,eod_close,4.745895,2.41,2.138,1.934,1.73,78.61271676300578,161.26589595375722,4.5199,2.74,3.19
CPOP,2024-05-09,3.53,3.12,203,0.4099999999999997,83.22999999999993,eod_close,4.515,2.6149999999999998,2.2489999999999997,1.9745,1.7,107.6470588235294,152.94117647058823,4.3,2.78,3.12
NVAX,2024-05-10,10.02,8.88,130,1.1399999999999988,148.19999999999985,eod_close,11.55,7.244999999999999,6.135,5.302499999999999,4.47,124.16107382550337,146.08501118568236,11.0,8.61,8.88
ITOS,2024-05-10,16.75,17.44,68,-0.6900000000000013,-46.92000000000009,eod_close,19.6875,14.469999999999999,13.558,12.873999999999999,12.19,37.40771123872027,53.814602132895814,18.75,16.58,17.44
ACIU,2024-05-13,3.38,3.3,759,0.08000000000000007,60.720000000000056,eod_close,3.6435000000000004,2.8449999999999998,2.6310000000000002,2.4705,2.31,46.32034632034631,50.21645021645023,3.47,2.88,3.3
GME,2024-05-13,26.34,30.45,14,-4.109999999999999,-57.53999999999999,eod_close,40.11000000000001,21.9,20.124000000000002,18.792,17.46,50.85910652920962,118.78579610538375,38.2,24.77,30.45
GME,2024-05-14,64.83,40.763999999999996,61,24.066000000000003,1468.026,fade_70,68.0715,47.64,40.763999999999996,35.607,30.45,112.90640394088669,112.90640394088669,64.83,36.0,48.75
SPWR,2024-05-14,5.03,3.89,226,1.1400000000000001,257.64000000000004,fade_50,5.9115,3.89,3.434,3.092,2.75,82.90909090909092,104.72727272727273,5.63,3.88,4.39
PLUG,2024-05-14,4.89,3.49,784,1.3999999999999995,1097.5999999999997,fade_70,5.1450000000000005,3.8899999999999997,3.49,3.19,2.89,69.20415224913494,69.55017301038062,4.9,3.42,3.44
FFIE,2024-05-14,3.988,11.408,17,-7.42,-126.14,eod_close,15.1116,3.214,2.9044,2.6722,2.44,63.44262295081967,489.83606557377044,14.392,3.6,11.408
AMC,2024-05-14,11.88,6.1935,336,5.6865000000000006,1910.6640000000002,fade_85,12.474000000000002,8.535,7.197000000000001,6.1935,5.19,128.90173410404623,128.90173410404623,11.88,5.85,6.85
SINT,2024-05-15,26.66,25.52,9,1.1400000000000006,10.260000000000005,eod_close,47.88,18.83,15.698,13.349,11.0,142.36363636363635,314.54545454545456,45.6,20.6,25.52
FFIE,2024-05-15,23.96,17.684,11,6.276,69.036,fade_50,41.160000000000004,17.684,15.1736,13.290799999999999,11.408,110.0280504908836,243.61851332398322,39.2,15.532,28.2
BMTX,2024-05-16,2.37,2.8,214,-0.4299999999999997,-92.01999999999994,eod_close,3.300675,2.04,1.908,1.809,1.71,38.596491228070185,83.83040935672514,3.1435,2.11,2.8
DUO,2024-05-17,24.32,26.88,18,-2.5599999999999987,-46.07999999999998,eod_close,35.28,15.3504,11.76256,9.07168,6.3808,281.14343029087263,426.57973921765296,33.6,21.28,26.88
BURU,2024-05-17,11.2,8.418,38,2.782,105.71600000000001,fade_50,16.38,8.418,7.3052,6.4706,5.636,98.72249822569196,176.79205110007095,15.6,8.02,8.56
GTBP,2024-05-20,7.8,7.8,58,0.0,0.0,eod_close,11.192895,5.46,4.524,3.822,3.12,149.99999999999997,241.66346153846155,10.6599,6.66,7.8
MGOL,2024-05-21,6.441,12.5,21,-6.059,-127.239,eod_close,15.645000000000001,4.369999999999999,3.5416,2.9202999999999997,2.299,180.16528925619832,548.1078729882558,14.9,5.5,12.5
MGRX,2024-05-21,7.062,7.7295,18,-0.6674999999999995,-12.014999999999992,eod_close,17.64,5.4285,4.7751,4.28505,3.795,86.08695652173914,342.6877470355731,16.8,6.315,7.7295
BZFD,2024-05-22,3.86,2.704,215,1.1559999999999997,248.53999999999994,fade_85,4.787999999999999,3.1799999999999997,2.908,2.704,2.5,54.39999999999999,82.39999999999998,4.56,2.64,3.01
ASTI,2024-05-23,21.0,21.47,13,-0.46999999999999886,-6.109999999999985,eod_close,35.7,17.07,15.498000000000001,14.319,13.14,59.81735159817351,158.75190258751903,34.0,19.0,21.47
BTTR,2024-05-24,6.72,4.492999999999999,253,2.2270000000000003,563.431,fade_85,7.5075,5.41,4.885999999999999,4.492999999999999,4.1,63.902439024390254,74.39024390243904,7.15,3.52,4.5
AKAN,2024-05-24,32.3126,20.150100000000002,41,12.162500000000001,498.6625000000001,fade_70,37.143750000000004,23.625100000000003,20.150100000000002,17.54385,14.9376,116.31721293916027,136.81849828620395,35.375,18.9376,25.6876
BNAI,2024-05-29,2.08,2.64,161,-0.56,-90.16000000000001,eod_close,3.3180000000000005,1.675,1.513,1.3915,1.27,63.779527559055126,148.8188976377953,3.16,1.68,2.64
SMFL,2024-05-30,7.04,5.475,195,1.5650000000000004,305.17500000000007,fade_50,8.063895,5.475,4.849,4.3795,3.91,80.05115089514065,96.41687979539641,7.6799,5.14,5.97
BPTH,2024-06-03,4.09,3.075,290,1.0149999999999997,294.3499999999999,fade_50,4.7775,3.075,2.669,2.3645,2.06,98.54368932038834,120.87378640776696,4.55,2.77,3.23
GME,2024-06-03,40.19,28.255,85,11.934999999999999,1014.4749999999999,fade_70,42.525,31.665,28.255,25.6975,23.14,73.68193604148658,75.02160760587726,40.5,26.4,28.0
NVVE,2024-06-05,7.9,8.68,19,-0.7799999999999994,-14.819999999999988,eod_close,18.165000000000003,6.7805,6.3327,5.996849999999999,5.661,39.55131602190428,205.59971736442327,17.3,6.83,8.68
MFI,2024-06-05,17.28,11.432,81,5.848000000000001,473.68800000000005,fade_85,19.740000000000002,13.84,12.464,11.432,10.4,66.15384615384616,80.76923076923077,18.8,10.48,12.16
AEMD,2024-06-06,5.532,4.5204,139,1.0115999999999996,140.61239999999995,fade_50,6.9678,4.5204,4.11576,3.81228,3.5088,57.660738714090286,89.12448700410398,6.636,4.4008,4.4008
VRAX,2024-06-06,2.58,1.97,555,0.6100000000000001,338.55000000000007,eod_close,2.94,1.8250000000000002,1.5230000000000001,1.2965,1.07,141.1214953271028,161.6822429906542,2.8,1.85,1.97
VERO,2024-06-07,16.28,9.40159,95,6.878410000000001,653.4489500000001,fade_70,18.3645,11.36685,9.40159,7.927645,6.4537,152.25839440940854,171.0073291290267,17.49,9.0915,10.23
DSY,2024-06-10,3.94,3.61,137,0.33000000000000007,45.21000000000001,eod_close,5.396895,2.92455,2.51837,2.213735,1.9091,106.3799696191923,169.23157508773764,5.1399,3.4,3.61
TPET,2024-06-11,9.0,6.8,104,2.2,228.8,fade_50,10.920000000000002,6.8,5.92,5.26,4.6,95.6521739130435,126.08695652173915,10.4,6.642,7.192
BMR,2024-06-12,6.07,5.235,205,0.835,171.17499999999998,fade_50,7.045395,5.235,4.901000000000001,4.6505,4.4,37.95454545454545,52.49772727272726,6.7099,5.13,5.23
BRTX,2024-06-13,2.06,1.705,531,0.355,188.505,fade_50,2.436,1.705,1.5630000000000002,1.4565000000000001,1.35,52.59259259259259,71.85185185185183,2.32,1.62,1.95
SVMH,2024-06-14,13.1,11.375,18,1.7249999999999996,31.049999999999994,eod_close,24.150000000000002,10.3625,9.2675,8.44625,7.625,71.80327868852459,201.63934426229505,23.0,11.335,11.375
KAVL,2024-06-14,4.16,5.96,43,-1.7999999999999998,-77.39999999999999,eod_close,8.788499999999999,2.76,2.2,1.78,1.36,205.88235294117646,515.4411764705882,8.37,3.5,5.96
MBIO,2024-06-17,19.39,37.5,6,-18.11,-108.66,eod_close,51.135000000000005,12.945,10.367,8.4335,6.5,198.30769230769232,649.2307692307693,48.7,14.4,37.5
SCNI,2024-06-17,6.1,5.6,164,0.5,82.0,eod_close,7.3185,4.795,4.273,3.8815,3.49,74.78510028653294,99.71346704871058,6.97,5.11,5.6
CMTL,2024-06-18,3.06,4.07,129,-1.0100000000000002,-130.29000000000002,eod_close,4.599,2.615,2.437,2.3035,2.17,41.01382488479263,101.84331797235022,4.38,2.9,4.07
NLSP,2024-06-18,15.076,10.504000000000001,47,4.571999999999999,214.88399999999996,fade_50,19.3074,10.504000000000001,8.6752,7.3036,5.932,154.14699932569116,209.97977073499663,18.388,9.216,10.804
RELI,2024-06-18,11.0313,7.4026499999999995,23,3.6286500000000004,83.45895000000002,fade_50,19.454715000000004,7.4026499999999995,5.95119,4.862595,3.774,192.2972972972973,390.945945945946,18.5283,6.6487,6.6487
ASNS,2024-06-18,2.42,2.12,777,0.2999999999999998,233.09999999999985,eod_close,2.677395,1.785,1.531,1.3405,1.15,110.43478260869566,121.7304347826087,2.5499,1.8,2.12
MINM,2024-06-21,4.2,3.262,238,0.9380000000000002,223.24400000000003,fade_70,5.04,3.5300000000000002,3.262,3.061,2.86,46.85314685314687,67.83216783216784,4.8,3.11,3.3
SHCR,2024-06-21,1.36,1.37,2247,-0.010000000000000009,-22.47000000000002,eod_close,1.4489999999999998,1.0672000000000001,0.95008,0.86224,0.7744,75.61983471074382,78.20247933884296,1.38,1.35,1.37
ALIM,2024-06-24,5.55,5.54,522,0.009999999999999787,5.219999999999889,eod_close,5.932500000000001,4.35,3.87,3.51,3.15,76.19047619047619,79.36507936507937,5.65,5.53,5.54
AGFY,2024-06-24,9.0,6.390000000000001,75,2.6099999999999994,195.74999999999994,fade_50,11.63925,6.390000000000001,5.346,4.563,3.78,138.0952380952381,193.25396825396828,11.085,5.85,6.3765
RGS,2024-06-25,14.19,20.52,17,-6.33,-107.61,eod_close,25.4835,9.629999999999999,7.806,6.438000000000001,5.07,179.8816568047337,378.698224852071,24.27,12.82,20.52
AIEV,2024-06-26,2.66,2.002,131,0.6580000000000004,86.19800000000005,fade_70,4.179,2.19,2.002,1.861,1.72,54.65116279069768,131.39534883720933,3.98,1.92,2.1
WENA,2024-06-26,4.5,3.62,231,0.8799999999999999,203.27999999999997,eod_close,5.365500000000001,3.075,2.505,2.0774999999999997,1.65,172.72727272727275,209.69696969696972,5.11,3.21,3.62
OPTX,2024-06-26,6.53,3.604,87,2.926,254.562,fade_70,8.809500000000002,4.4399999999999995,3.604,2.977,2.35,177.87234042553192,257.0212765957447,8.39,3.5301,3.85
BSFC,2024-06-27,3.26,2.2239999999999998,309,1.036,320.124,fade_70,3.905895,2.52,2.2239999999999998,2.002,1.78,83.14606741573031,108.98314606741573,3.7199,2.07,2.29
IONM,2024-06-27,10.2204,7.1982,106,3.0221999999999998,320.35319999999996,fade_50,12.096,7.1982,5.98932,5.08266,4.176,144.7413793103448,175.8620689655172,11.52,6.7806,7.632
LUCY,2024-06-28,10.498,9.9,59,0.597999999999999,35.28199999999994,eod_close,13.86,8.549,7.769399999999999,7.184699999999999,6.6,59.060606060606055,100.0,13.2,9.43,9.9
CSLR,2024-07-01,2.13,1.423,592,0.7069999999999999,418.5439999999999,fade_70,2.4675000000000002,1.625,1.423,1.2715,1.12,90.1785714285714,109.82142857142856,2.35,1.41,1.48
VS,2024-07-02,2.41,1.8650000000000002,930,0.5449999999999999,506.8499999999999,fade_50,2.625,1.8650000000000002,1.647,1.4835,1.32,82.57575757575758,89.39393939393938,2.5,1.72,1.9
VVPR,2024-07-03,3.06,2.2800000000000002,535,0.7799999999999998,417.2999999999999,fade_50,3.4335,2.2800000000000002,1.968,1.734,1.5,104.0,118.00000000000001,3.27,2.27,2.5
MORF,2024-07-08,55.8,55.74,66,0.05999999999999517,3.959999999999681,eod_close,58.789500000000004,43.82,39.028,35.434,31.84,75.25125628140702,75.84798994974875,55.99,55.6,55.74
ZAPP,2024-07-08,7.0,9.24,55,-2.24,-123.20000000000002,eod_close,10.605,5.535,4.949,4.5095,4.07,71.99017199017199,148.15724815724815,10.1,6.0,9.24
SNGX,2024-07-09,6.42,7.42,21,-1.0,-21.0,eod_close,15.571395,4.21,3.3259999999999996,2.663,2.0,221.0,641.495,14.8299,5.45,7.42
QURE,2024-07-09,6.19,6.67,215,-0.47999999999999954,-103.1999999999999,eod_close,7.119000000000001,4.985,4.503,4.1415,3.78,63.75661375661378,79.36507936507937,6.78,5.2,6.67
EXFY,2024-07-09,1.97,2.0,509,-0.030000000000000027,-15.270000000000014,eod_close,2.3625000000000003,1.71,1.6059999999999999,1.528,1.45,35.862068965517246,55.172413793103445,2.25,1.74,2.0
LGVN,2024-07-10,5.86,4.365,232,1.495,346.84000000000003,fade_50,6.720000000000001,4.365,3.7670000000000003,3.3185000000000002,2.87,104.18118466898956,122.9965156794425,6.4,4.17,4.55
VVPR,2024-07-10,4.32,3.081,376,1.2390000000000003,465.86400000000015,fade_70,4.851,3.435,3.081,2.8155,2.55,69.41176470588238,81.17647058823532,4.62,2.9,3.05
KZIA,2024-07-10,15.0,33.41,4,-18.409999999999997,-73.63999999999999,eod_close,56.7,12.3,11.219999999999999,10.41,9.6,56.250000000000014,462.5,54.0,13.5,33.41
BSFC,2024-07-11,2.39,1.893,606,0.4970000000000001,301.1820000000001,fade_70,2.7195,2.035,1.893,1.7865,1.68,42.26190476190477,54.16666666666667,2.59,1.82,2.05
TOYO,2024-07-12,3.04,2.295,624,0.7450000000000001,464.88000000000005,fade_50,3.3600000000000003,2.295,1.997,1.7735,1.55,96.12903225806451,106.4516129032258,3.2,2.22,2.7
QLGN,2024-07-12,14.96,21.705,12,-6.744999999999997,-80.93999999999997,eod_close,30.90675,12.6125,11.6735,10.96925,10.265,45.737944471505116,186.75109595713587,29.435,14.255,21.705
CGBS,2024-07-12,3.81,3.1100000000000003,306,0.6999999999999997,214.19999999999993,fade_50,4.4625,3.1100000000000003,2.83,2.62,2.41,58.091286307053934,76.34854771784232,4.25,3.05,3.43
DATS,2024-07-15,1.96,1.89,985,0.07000000000000006,68.95000000000006,eod_close,2.1630000000000003,1.5,1.316,1.178,1.04,88.46153846153845,98.07692307692308,2.06,1.5301,1.89
SCNI,2024-07-15,6.64,5.35,73,1.29,94.17,fade_50,9.366,5.35,4.834,4.446999999999999,4.06,63.54679802955666,119.70443349753697,8.92,5.21,5.89
AMIX,2024-07-15,18.904,27.6,10,-8.696000000000002,-86.96000000000001,eod_close,38.43,15.632,14.3232,13.3416,12.36,52.94498381877023,196.11650485436897,36.6,18.2,27.6
SILO,2024-07-16,2.27,2.39,360,-0.1200000000000001,-43.20000000000004,eod_close,2.8245,1.67,1.4300000000000002,1.25,1.07,112.14953271028037,151.4018691588785,2.69,1.88,2.39
SHIM,2024-07-17,2.85,3.15,304,-0.2999999999999998,-91.19999999999995,eod_close,3.507,2.46,2.304,2.187,2.07,37.68115942028987,61.352657004830924,3.34,2.69,3.15
LCFY,2024-07-17,7.21,5.978,120,1.2320000000000002,147.84000000000003,fade_70,8.8725,6.33,5.978,5.714,5.45,32.293577981651374,55.04587155963301,8.45,5.95,6.58
AUGX,2024-07-19,2.26,2.26,1290,0.0,0.0,eod_close,2.415,1.5882,1.31948,1.11794,0.9164,146.6171977302488,150.98210388476647,2.3,2.26,2.26
SERV,2024-07-19,4.27,7.55,38,-3.2800000000000002,-124.64000000000001,eod_close,9.418500000000002,3.4499999999999997,3.122,2.876,2.63,62.35741444866919,241.06463878327,8.97,3.92,7.55
AZTR,2024-07-23,40.5594,33.1002,4,7.459199999999996,29.836799999999982,eod_close,83.91600000000001,25.674299999999995,19.720259999999996,15.254729999999999,10.7892,275.9259259259259,640.7407407407409,79.92,28.7719,33.1002
ATPC,2024-07-23,6.6,3.9819999999999998,370,2.618,968.66,fade_70,7.14,4.7299999999999995,3.9819999999999998,3.421,2.86,130.76923076923077,137.76223776223776,6.8,3.712,4.3
ADIL,2024-07-23,1.6099,1.33495,129,0.27495,35.46855,fade_50,3.1500000000000004,1.33495,1.2249700000000001,1.142485,1.06,51.87735849056604,183.01886792452828,3.0,1.31,1.31
PIRS,2024-07-24,13.19,15.05,38,-1.8600000000000012,-70.68000000000005,eod_close,18.3225,10.585,9.543,8.7615,7.98,65.28822055137843,118.67167919799498,17.45,12.63,15.05
NUZE,2024-07-24,4.94,2.9850000000000003,336,1.955,656.88,fade_50,5.5335,2.9850000000000003,2.2030000000000003,1.6165,1.03,379.6116504854369,411.6504854368931,5.27,2.53,3.35
POAI,2024-07-25,2.6,1.835,370,0.7650000000000001,283.05000000000007,fade_50,3.1395000000000004,1.835,1.529,1.2995,1.07,142.99065420560748,179.43925233644862,2.99,1.6208,1.87
CREV,2024-07-26,10.26,8.215,312,2.045,638.04,fade_50,10.899000000000001,8.215,7.397,6.7835,6.17,66.28849270664506,68.23338735818479,10.38,8.155,9.05
COUR,2024-07-26,10.33,10.72,100,-0.39000000000000057,-39.00000000000006,eod_close,12.327,8.870000000000001,8.286,7.848,7.41,39.40620782726046,58.434547908232126,11.74,9.995,10.72
YIBO,2024-07-29,4.3,3.97,51,0.3299999999999996,16.82999999999998,eod_close,8.221395000000001,3.6075,3.3305,3.12275,2.915,47.51286449399656,168.6072041166381,7.8299,3.71,3.97
LIPO,2024-07-29,11.7592,7.4959999999999996,237,4.2632,1010.3784,fade_50,12.600000000000001,7.4959999999999996,5.79072,4.51176,3.2328,263.7465973768869,271.19524870081665,12.0,6.48,7.1936
PCSA,2024-07-30,3.04,2.102,930,0.9380000000000002,872.3400000000001,fade_70,3.2550000000000003,2.37,2.102,1.901,1.7,78.82352941176471,82.35294117647061,3.1,1.9801,2.28
IMNN,2024-07-30,43.8255,43.305,32,0.5204999999999984,16.65599999999995,eod_close,49.988925,29.67375,24.01305,19.767525,15.522,182.34441437959026,206.7162736760727,47.6085,35.478,43.305
LSH,2024-07-31,4.16,2.907,503,1.2530000000000001,630.259,fade_70,4.557,3.265,2.907,2.6385,2.37,75.52742616033755,83.1223628691983,4.34,2.84,3.8
NUZE,2024-07-31,5.92,5.98,80,-0.0600000000000005,-4.80000000000004,eod_close,8.4,4.8100000000000005,4.366,4.033,3.7,59.999999999999986,116.21621621621618,8.0,5.5501,5.98
RDHL,2024-08-01,14.22,19.0,28,-4.779999999999999,-133.83999999999997,eod_close,21.28875,11.911249999999999,10.98775,10.295124999999999,9.6025,48.086435824004184,111.14293152824786,20.275,12.575,19.0
BBLG,2024-08-01,21.96,17.46,148,4.5,666.0,fade_50,23.31,17.46,15.66,14.31,12.96,69.44444444444444,71.29629629629628,22.2,16.02,16.32
VSEE,2024-08-02,6.2503,4.34015,494,1.9101499999999998,943.6140999999999,fade_50,6.6549000000000005,4.34015,3.57609,3.003045,2.43,157.2139917695473,160.8230452674897,6.338,4.1,4.25
XCUR,2024-08-02,4.004,3.2392499999999997,221,0.7647499999999998,169.00974999999997,fade_50,4.90875,3.2392499999999997,2.93335,2.703925,2.4745,61.8104667609618,88.9270559709032,4.675,3.0855,3.31
MKDW,2024-08-02,4.07,3.075,305,0.9950000000000001,303.475,fade_50,4.7250000000000005,3.075,2.677,2.3785000000000003,2.08,95.67307692307693,116.34615384615384,4.5,2.72,3.22
MGOL,2024-08-05,3.65,3.76,174,-0.10999999999999988,-19.13999999999998,eod_close,4.798395,3.13995,2.93593,2.782915,2.6299,38.78854709304535,73.76706338644053,4.5699,3.29,3.76
UVXY,2024-08-05,64.99,52.004999999999995,47,12.985,610.295,fade_50,69.16350000000001,52.004999999999995,46.811,42.9155,39.02,66.55561250640694,68.81086622245003,65.87,48.36,61.77
TENX,2024-08-06,4.93,3.925,418,1.005,420.09,fade_50,5.407500000000001,3.925,3.5229999999999997,3.2215,2.92,68.83561643835617,76.36986301369863,5.15,3.54,3.76
LYT,2024-08-06,2.62,2.015,693,0.605,419.265,fade_50,2.9085,2.015,1.773,1.5915,1.41,85.81560283687945,96.45390070921987,2.77,1.85,2.18
LUMN,2024-08-06,3.98,5.0,126,-1.02,-128.52,eod_close,5.565,3.285,3.0069999999999997,2.7984999999999998,2.59,53.66795366795367,104.63320463320463,5.3,3.65,5.0
LUMN,2024-08-07,7.22,6.109999999999999,199,1.1100000000000003,220.89000000000007,fade_50,8.2215,6.109999999999999,5.666,5.333,5.0,44.39999999999999,56.60000000000001,7.83,6.1,6.63
GTHX,2024-08-07,7.085,7.06,556,0.025000000000000355,13.900000000000198,eod_close,7.444500000000001,5.6675,5.1005,4.67525,4.25,66.70588235294117,66.82352941176471,7.09,7.04,7.06
LODE,2024-08-08,2.4,1.6384,522,0.7615999999999998,397.5551999999999,fade_85,2.7825,1.952,1.7728,1.6384,1.504,59.57446808510638,76.19680851063828,2.65,1.582,1.645
HUGE,2024-08-09,12.2915,13.0,15,-0.7085000000000008,-10.627500000000012,eod_close,24.999975,9.09025,7.809749999999999,6.849375,5.889,108.71964679911699,304.3046357615894,23.8095,9.984,13.0
ITI,2024-08-09,6.99,7.0,532,-0.009999999999999787,-5.319999999999887,eod_close,7.36575,5.635,5.093,4.6865000000000006,4.28,63.31775700934579,63.901869158878476,7.015,6.97,7.0
RVNC,2024-08-12,6.555,6.6,533,-0.04499999999999993,-23.984999999999964,eod_close,6.93,5.0424999999999995,4.4375,3.9837499999999997,3.53,85.69405099150141,86.96883852691218,6.6,6.53,6.6
ALBT,2024-08-14,12.255,8.04,205,4.215000000000002,864.0750000000004,fade_50,13.228425,8.04,6.354,5.0895,3.825,220.39215686274508,229.37254901960782,12.5985,6.396,7.173
CING,2024-08-15,4.16,4.8,67,-0.6399999999999997,-42.87999999999998,eod_close,7.14,3.0025000000000004,2.5395000000000003,2.19225,1.845,125.47425474254746,268.56368563685635,6.8,3.8,4.8
CING,2024-08-16,10.52,17.69,17,-7.170000000000002,-121.89000000000003,eod_close,21.871499999999997,7.66,6.516,5.6579999999999995,4.8,119.16666666666667,333.95833333333337,20.83,8.71,17.69
VRAX,2024-08-19,5.02,5.15,45,-0.13000000000000078,-5.850000000000035,eod_close,9.449895000000001,3.5749999999999997,2.997,2.5635,2.13,135.6807511737089,322.5305164319249,8.9999,4.31,5.15
ALZN,2024-08-19,63.27,52.65,2,10.620000000000005,21.24000000000001,eod_close,142.317,40.81455,31.83237,25.095735,18.3591,244.62473650669145,638.2714838962693,135.54,51.48,52.65
INM,2024-08-20,14.466,8.713000000000001,99,5.752999999999998,569.5469999999998,fade_50,16.480800000000002,8.713000000000001,6.4117999999999995,4.6859,2.96,388.71621621621625,430.2702702702702,15.696,7.522,8.624
PITA,2024-08-20,3.17,2.4210000000000003,253,0.7489999999999997,189.49699999999993,fade_70,3.9585000000000004,2.635,2.4210000000000003,2.2605,2.1,50.952380952380935,79.5238095238095,3.77,2.4,2.79
TTNP,2024-08-20,8.89,10.0,30,-1.1099999999999994,-33.29999999999998,eod_close,15.540000000000001,6.955,6.181,5.600499999999999,5.02,77.09163346613549,194.82071713147414,14.8,8.3401,10.0
SDIG,2024-08-21,4.85,5.34,232,-0.4900000000000002,-113.68000000000005,eod_close,5.712000000000001,3.8899999999999997,3.5060000000000002,3.218,2.93,65.52901023890783,85.66552901023891,5.44,4.67,5.34
SMFL,2024-08-21,2.36,1.387,573,0.9729999999999999,557.5289999999999,fade_70,2.708895,1.665,1.387,1.1784999999999999,0.97,143.29896907216494,165.96907216494844,2.5799,1.37,1.57
STAF,2024-08-22,2.92,3.06,102,-0.14000000000000012,-14.280000000000012,eod_close,4.872,2.06,1.716,1.458,1.2,143.33333333333334,286.6666666666667,4.64,2.63,3.06
AMS,2024-08-22,4.0,3.184,240,0.8159999999999998,195.83999999999997,fade_85,4.83,3.52,3.328,3.184,3.04,31.57894736842105,51.315789473684205,4.6,3.13,3.6
AIRI,2024-08-22,6.17,7.17,53,-1.0,-53.0,eod_close,9.911895,4.96,4.476,4.1129999999999995,3.75,64.53333333333333,151.73066666666668,9.4399,5.3,7.17
PRTG,2024-08-23,4.25,6.0,45,-1.75,-78.75,eod_close,8.693999999999999,3.47515,3.16521,2.932755,2.7003,57.38991963855868,206.63259637818018,8.28,3.9,6.0
SQNS,2024-08-23,3.95,2.875,371,1.0750000000000002,398.82500000000005,eod_close,4.4887500000000005,2.654,2.1356,1.7468000000000001,1.358,190.86892488954342,214.80117820324006,4.275,2.75,2.875
MNTS,2024-08-23,15.26,14.7,13,0.5600000000000005,7.2800000000000065,eod_close,29.988,11.6599,10.219859999999999,9.13983,8.0598,89.33472294597883,254.35122459614385,28.56,12.502,14.7
MRM,2024-08-26,7.01,5.85,111,1.1600000000000001,128.76000000000002,eod_close,8.809395000000002,4.744999999999999,3.8389999999999995,3.1595,2.48,182.66129032258064,238.30241935483875,8.3899,5.37,5.85
PWM,2024-08-26,1.51,1.43,610,0.08000000000000007,48.80000000000004,eod_close,1.8375000000000001,1.1320000000000001,0.9808,0.8674,0.754,100.26525198938991,132.0954907161804,1.75,1.19,1.43
ENSC,2024-08-27,11.55,9.061300000000001,156,2.4886999999999997,388.2372,fade_50,12.828375,9.061300000000001,8.06582,7.31921,6.5726,75.72954386391991,85.88534217813344,12.2175,8.3745,9.666
TRIB,2024-08-27,2.84,2.4349999999999996,277,0.40500000000000025,112.18500000000007,fade_50,3.5595000000000003,2.4349999999999996,2.2729999999999997,2.1515,2.03,39.90147783251232,66.99507389162565,3.39,2.425,2.5
VOXX,2024-08-27,3.87,4.79,106,-0.9199999999999999,-97.52,eod_close,5.7433950000000005,3.3600000000000003,3.156,3.003,2.85,35.78947368421053,91.92631578947368,5.4699,3.86,4.79
ADXN,2024-08-27,12.0,11.58,103,0.41999999999999993,43.25999999999999,eod_close,13.9335,9.83,8.962,8.311,7.66,56.65796344647519,73.23759791122714,13.27,10.05,11.58
LUCY,2024-08-29,6.22,4.765,176,1.455,256.08000000000004,fade_50,7.3500000000000005,4.765,4.183,3.7465,3.31,87.91540785498488,111.48036253776436,7.0,4.75,5.09
BCDA,2024-08-29,4.3,3.25,337,1.0499999999999998,353.84999999999997,fade_50,4.893000000000001,3.25,2.83,2.515,2.2,95.45454545454542,111.81818181818181,4.66,2.93,4.02
BOF,2024-08-29,2.27,1.7429999999999999,374,0.5270000000000001,197.09800000000004,fade_85,2.8035,1.96,1.8359999999999999,1.7429999999999999,1.65,37.575757575757585,61.81818181818181,2.67,1.57,1.88
ATPC,2024-08-30,2.39,2.55,156,-0.1599999999999997,-24.95999999999995,eod_close,3.6645000000000003,1.991,1.8314000000000001,1.7117,1.592,50.12562814070351,119.2211055276382,3.49,2.06,2.55
FCUV,2024-08-30,3.312,2.689,136,0.6229999999999998,84.72799999999997,eod_close,4.781700000000001,2.6065,2.3243,2.11265,1.901,74.22409258285111,139.5581273014203,4.554,2.689,2.689
BNRG,2024-08-30,7.1,7.75,32,-0.6500000000000004,-20.80000000000001,eod_close,13.177500000000002,5.16275,4.38785,3.806675,3.2255,120.12091148659123,289.0869632615099,12.55,6.4,7.75
WISA,2024-09-04,2.38,3.06,193,-0.6800000000000002,-131.24000000000004,eod_close,3.4125,1.87,1.666,1.5130000000000001,1.36,74.99999999999997,138.97058823529412,3.25,1.95,3.06
APLD,2024-09-05,4.99,5.37,198,-0.3799999999999999,-75.23999999999998,eod_close,5.9955,4.115,3.765,3.5025000000000004,3.24,54.01234567901234,76.23456790123456,5.71,4.25,5.37
BLMZ,2024-09-06,1.42,1.77,131,-0.3500000000000001,-45.85000000000001,eod_close,2.94,1.1139999999999999,0.9916,0.8998,0.808,75.74257425742572,246.53465346534648,2.8,1.33,1.77
BENF,2024-09-06,2.38,2.05,179,0.33000000000000007,59.070000000000014,eod_close,3.4965,1.94,1.764,1.632,1.5,58.66666666666666,122.00000000000001,3.33,2.02,2.05
INBS,2024-09-09,2.55,1.7255,333,0.8244999999999998,274.5584999999999,fade_85,3.1500000000000004,2.065,1.871,1.7255,1.58,61.39240506329112,89.87341772151898,3.0,1.689,1.79
SINT,2024-09-09,5.9,4.36,139,1.54,214.06,fade_50,7.328895,4.36,3.7439999999999998,3.282,2.82,109.2198581560284,147.5141843971631,6.9799,4.21,4.36
BKYI,2024-09-10,1.89,2.0,141,-0.1100000000000001,-15.510000000000014,eod_close,3.3075,1.4525,1.2774999999999999,1.14625,1.015,86.20689655172414,210.34482758620695,3.15,1.75,2.0
CNEY,2024-09-11,17.25,34.75,8,-17.5,-140.0,eod_close,42.0,12.3525,10.3935,8.92425,7.455,131.38832997987927,436.55264922870555,40.0,17.25,34.75
FTCI,2024-09-11,3.5,4.592,78,-1.0919999999999996,-85.17599999999997,eod_close,6.0459000000000005,2.8754999999999997,2.6257,2.43835,2.251,55.48645046645936,155.79742336739227,5.758,3.16,4.592
PLCE,2024-09-11,6.81,9.1,51,-2.29,-116.79,eod_close,10.709999999999999,5.855,5.473,5.1865000000000006,4.9,38.97959183673468,108.16326530612241,10.2,6.6,9.1
TANH,2024-09-11,8.36,6.9479999999999995,85,1.412,120.02,fade_50,10.709999999999999,6.9479999999999995,6.3831999999999995,5.9596,5.536,51.01156069364162,84.2485549132948,10.2,6.6,7.2
MNPR,2024-09-12,5.15,3.225,355,1.9250000000000003,683.3750000000001,fade_70,5.71263,3.7750000000000004,3.225,2.8125,2.4,114.58333333333334,126.69166666666669,5.4406,3.17,3.95
TNON,2024-09-12,7.2,4.3020000000000005,68,2.8979999999999997,197.06399999999996,fade_70,10.100999999999999,5.130000000000001,4.3020000000000005,3.681,3.06,135.29411764705884,214.3790849673202,9.62,3.82,4.4
IMRX,2024-09-13,2.09,2.02,323,0.06999999999999984,22.60999999999995,eod_close,2.709,1.7599999999999998,1.628,1.529,1.43,46.15384615384615,80.41958041958044,2.58,1.84,2.02
ATPC,2024-09-13,2.43,1.744,299,0.6860000000000002,205.11400000000006,fade_70,3.0975,1.94,1.744,1.597,1.45,67.58620689655174,103.448275862069,2.95,1.61,1.75
TNON,2024-09-13,12.8,8.600000000000001,52,4.199999999999999,218.39999999999998,fade_50,16.57782,8.600000000000001,6.92,5.66,4.4,190.9090909090909,258.82727272727266,15.7884,7.2,7.55
ZNTL,2024-09-16,4.96,3.7560000000000002,265,1.2039999999999997,319.05999999999995,fade_70,5.712000000000001,4.1,3.7560000000000002,3.498,3.24,53.08641975308641,67.90123456790123,5.44,3.65,3.68
XCUR,2024-09-16,2.28,1.94,382,0.33999999999999986,129.87999999999994,fade_50,2.8035,1.94,1.804,1.702,1.6,42.499999999999986,66.875,2.67,1.91,2.26
APLT,2024-09-18,6.51,7.85,86,-1.3399999999999999,-115.23999999999998,eod_close,8.833755,5.58,5.208,4.929,4.65,39.999999999999986,80.9268817204301,8.4131,6.46,7.85
NVVE,2024-09-18,6.62,4.597,147,2.0229999999999997,297.381,fade_85,7.9799999999999995,5.43,4.954000000000001,4.597,4.24,56.13207547169811,79.24528301886791,7.6,4.55,5.04
LUNR,2024-09-18,8.38,7.47,196,0.910000000000001,178.3600000000002,eod_close,9.397499999999999,6.890000000000001,6.2940000000000005,5.847,5.4,55.18518518518519,65.74074074074072,8.95,7.44,7.47
PRTG,2024-09-18,12.64,9.91,17,2.7300000000000004,46.41000000000001,eod_close,24.160500000000003,8.585,6.963,5.7465,4.53,179.02869757174392,407.9470198675497,23.01,8.8,9.91
EWTX,2024-09-19,25.75,29.5,34,-3.75,-127.5,eod_close,31.5,22.41,21.074,20.072,19.07,35.02884111169376,57.31515469323545,30.0,24.84,29.5
ZEO,2024-09-19,2.76,2.6,138,0.1599999999999997,22.07999999999996,eod_close,4.2,1.9499999999999997,1.626,1.3829999999999998,1.14,142.10526315789474,250.87719298245617,4.0,2.2101,2.6
XCUR,2024-09-19,5.64,3.965,303,1.6749999999999998,507.5249999999999,fade_50,6.300000000000001,3.965,3.295,2.7925,2.29,146.28820960698687,162.00873362445412,6.0,3.4601,3.93
RZLV,2024-09-19,8.13,5.764,63,2.3660000000000005,149.05800000000002,fade_70,11.298,6.44,5.764,5.257,4.75,71.15789473684212,126.52631578947368,10.76,5.62,7.0
SGN,2024-09-19,19.2,25.44,10,-6.240000000000002,-62.40000000000002,eod_close,38.5308,12.717600000000001,10.12464,8.17992,6.2352,207.9291762894534,488.52963818321786,36.696,16.5168,25.44
TBIO,2024-09-19,4.13,2.745,154,1.3849999999999998,213.28999999999996,fade_50,5.4285000000000005,2.745,2.191,1.7755,1.36,203.67647058823525,280.1470588235294,5.17,2.34,2.93
XPON,2024-09-20,12.99,9.405000000000001,18,3.584999999999999,64.52999999999999,fade_50,23.950499999999998,9.405000000000001,7.971,6.8955,5.82,123.19587628865978,291.9243986254295,22.81,8.0,8.48
BNZI,2024-09-20,51.0,56.9,7,-5.899999999999999,-41.29999999999999,eod_close,78.75,39.9,35.46,32.13,28.8,77.08333333333333,160.41666666666666,75.0,47.1,56.9
LFLY,2024-09-20,3.43,2.282,607,1.1480000000000001,696.8360000000001,fade_70,3.7590000000000003,2.6100000000000003,2.282,2.036,1.79,91.62011173184358,100.0,3.58,2.14,2.32
NVVE,2024-09-23,7.15,6.68,97,0.47000000000000064,45.59000000000006,eod_close,9.198,5.535,4.889,4.4045,3.92,82.39795918367349,123.46938775510203,8.76,5.57,6.68
SEEL,2024-09-24,6.36,4.7,68,1.6600000000000001,112.88000000000001,fade_50,9.30048,4.7,4.036,3.5380000000000003,3.04,109.2105263157895,191.3684210526316,8.8576,4.48,4.784
CAPR,2024-09-24,8.43,9.1,156,-0.6699999999999999,-104.51999999999998,eod_close,9.707145,7.199999999999999,6.708,6.3389999999999995,5.97,41.20603015075377,54.85594639865996,9.2449,7.4239,9.1
HSCS,2024-09-24,4.1,4.25,273,-0.15000000000000036,-40.950000000000095,eod_close,4.83,3.5199999999999996,3.288,3.114,2.94,39.45578231292516,56.4625850340136,4.6,3.69,4.25
TBIO,2024-09-26,4.86,3.59,421,1.2700000000000005,534.6700000000002,fade_50,5.3340000000000005,3.59,3.082,2.701,2.32,109.48275862068968,118.96551724137932,5.08,3.12,3.99
KTTA,2024-09-26,7.09,5.4675,254,1.6224999999999996,412.1149999999999,fade_50,7.875,5.4675,4.8185,4.33175,3.845,84.39531859557866,95.05851755526658,7.5,5.3501,5.85
DUO,2024-09-26,11.84,17.12,16,-5.280000000000001,-84.48000000000002,eod_close,24.024,9.92,9.152,8.576,8.0,48.0,186.0,22.88,10.88,17.12
KXIN,2024-09-30,12.6,11.724,33,0.8759999999999994,28.90799999999998,eod_close,18.585,9.0,7.5600000000000005,6.48,5.4,133.33333333333331,227.77777777777771,17.7,10.902,11.724
EMKR,2024-09-30,2.36,2.21,941,0.1499999999999999,141.14999999999992,eod_close,2.5725000000000002,1.785,1.555,1.3824999999999998,1.21,95.04132231404958,102.47933884297522,2.45,1.84,2.21
ZCMD,2024-09-30,2.2,2.46,495,-0.2599999999999998,-128.6999999999999,eod_close,2.604,1.7725,1.6015000000000001,1.47325,1.345,63.56877323420076,84.38661710037174,2.48,1.94,2.46
MGRX,2024-10-01,6.207,4.3401,108,1.8669000000000002,201.62520000000004,fade_70,8.04195,4.8735,4.3401,3.94005,3.54,75.33898305084745,116.35593220338984,7.659,4.2075,4.476
API,2024-10-02,6.03,4.390000000000001,277,1.6399999999999997,454.2799999999999,fade_50,6.7515,4.390000000000001,3.734,3.242,2.75,119.27272727272728,133.81818181818178,6.43,3.95,4.94
TOVX,2024-10-03,1.85,1.545,1133,0.30500000000000016,345.56500000000017,fade_50,2.0265,1.545,1.423,1.3315,1.24,49.19354838709678,55.64516129032258,1.93,1.51,1.79
BENF,2024-10-04,2.08,1.89,1197,0.19000000000000017,227.4300000000002,eod_close,2.2470000000000003,1.635,1.4569999999999999,1.3235,1.19,74.78991596638657,79.83193277310927,2.14,1.7,1.89
MYTE,2024-10-07,5.72,4.733,106,0.9870000000000001,104.62200000000001,fade_70,7.591395,5.015,4.733,4.5215,4.31,32.714617169373554,67.74709976798145,7.2299,4.67,6.76
LGMK,2024-10-07,4.2625,3.244,346,1.0185,352.401,fade_70,4.8405000000000005,3.535,3.244,3.02575,2.8075,51.82546749777382,64.20302760463046,4.61,3.1075,3.4075
SRRK,2024-10-07,26.34,34.28,20,-7.940000000000001,-158.8,eod_close,36.099000000000004,16.880000000000003,13.096,10.258,7.42,254.98652291105122,363.34231805929926,34.38,25.15,34.28
NAPA,2024-10-07,10.89,10.95,303,-0.05999999999999872,-18.179999999999612,eod_close,11.55,8.145,7.047000000000001,6.2235000000000005,5.4,101.66666666666666,103.70370370370368,11.0,10.86,10.95
ALCE,2024-10-08,7.75,4.347875,307,3.402125,1044.4523749999998,fade_85,8.4,5.748749999999999,4.94825,4.347875,3.7475,106.8045363575717,113.47565043362242,8.0,3.6025,3.6025
OTRK,2024-10-08,3.0,2.76,71,0.2400000000000002,17.040000000000013,eod_close,5.806500000000001,2.41,2.174,1.997,1.82,64.83516483516483,203.84615384615384,5.53,2.63,2.76
WW,2024-10-09,1.7,1.3219999999999998,1052,0.3780000000000001,397.6560000000001,fade_70,1.8900000000000001,1.43,1.3219999999999998,1.2409999999999999,1.16,46.55172413793104,55.17241379310347,1.8,1.28,1.6
MNTS,2024-10-09,9.338,14.84,32,-5.502000000000001,-176.06400000000002,eod_close,15.582,7.574,6.868399999999999,6.3392,5.81,60.722891566265055,155.42168674698797,14.84,8.414,14.84
ZENA,2024-10-11,2.77,2.27,395,0.5,197.5,fade_50,3.2758950000000002,2.27,2.07,1.92,1.77,56.49717514124294,76.26553672316383,3.1199,2.26,2.45
LBPH,2024-10-14,58.93,58.99,63,-0.060000000000002274,-3.7800000000001432,eod_close,62.076,48.915,44.909,41.9045,38.9,51.491002570694086,51.979434447300775,59.12,58.7,58.99
IVA,2024-10-14,2.58,2.67,484,-0.08999999999999986,-43.55999999999993,eod_close,2.9925,2.235,2.097,1.9934999999999998,1.89,36.50793650793652,50.79365079365081,2.85,2.29,2.67
XPON,2024-10-14,4.0,3.1950000000000003,432,0.8049999999999997,347.7599999999999,fade_50,4.4625,3.1950000000000003,2.873,2.6315,2.39,67.36401673640167,77.82426778242677,4.25,3.18,3.52
SGD,2024-10-15,5.8952,4.106205,279,1.788995,499.12960499999997,fade_85,6.609960000000001,4.84285,4.4219100000000005,4.106205,3.7905,55.52565624587784,66.07835377918481,6.2952,2.781,3.1905
VS,2024-10-16,3.74,3.95,31,-0.20999999999999996,-6.509999999999999,eod_close,10.0695,2.4450000000000003,1.927,1.5385,1.15,225.21739130434787,733.9130434782609,9.59,3.4801,3.95
ATNF,2024-10-16,14.25,7.885,45,6.365,286.425,fade_50,18.6375,7.885,5.339,3.4295,1.52,837.5,1067.7631578947369,17.75,6.3,6.47
WVE,2024-10-16,12.045,14.9,46,-2.8550000000000004,-131.33,eod_close,16.317,10.3025,9.605500000000001,9.08275,8.56,40.7126168224299,81.54205607476635,15.54,11.98,14.9
PIXY,2024-10-17,13.11,9.305,88,3.8049999999999997,334.84,fade_50,15.371895000000002,9.305,7.7829999999999995,6.6415,5.5,138.36363636363635,166.18,14.6399,7.87,8.44
NIXX,2024-10-17,7.56,3.1485,146,4.4115,644.0790000000001,fade_85,8.925,4.965,3.9269999999999996,3.1485,2.37,218.98734177215186,258.64978902953584,8.5,2.61,2.7
STAF,2024-10-17,3.9,2.115,96,1.7849999999999997,171.35999999999996,fade_70,5.974395,2.625,2.115,1.7325,1.35,188.88888888888886,321.47407407407405,5.6899,2.035,2.32
VTAK,2024-10-18,24.89,16.63165,20,8.25835,165.167,fade_50,34.713,16.63165,13.32831,10.850805000000001,8.3733,197.25436805082822,294.8264125255276,33.06,16.2868,17.29
DRUG,2024-10-18,34.6,47.21,4,-12.61,-50.44,eod_close,82.971,28.15,25.57,23.634999999999998,21.7,59.44700460829494,264.147465437788,79.02,34.0,47.21
HEPS,2024-10-18,3.53,3.51,276,0.020000000000000018,5.520000000000005,eod_close,4.2525,2.865,2.599,2.3995,2.2,60.454545454545425,84.09090909090907,4.05,2.9,3.51
ISPC,2024-10-21,7.28,5.92,139,1.3600000000000003,189.04000000000005,fade_50,8.715000000000002,5.92,5.3759999999999994,4.968,4.56,59.64912280701756,82.01754385964915,8.3,5.57,6.3
SYTA,2024-10-21,26.5,18.299999999999997,48,8.200000000000003,393.60000000000014,fade_50,30.66,18.299999999999997,15.02,12.559999999999999,10.1,162.37623762376236,189.1089108910891,29.2,16.8,18.4
BIVI,2024-10-21,41.0,26.125,5,14.875,74.375,fade_85,78.75,32.25,28.75,26.125,23.5,74.46808510638297,219.14893617021275,75.0,24.1,26.3
GRI,2024-10-21,28.39,19.125,56,9.265,518.84,fade_50,31.9515,19.125,15.419,12.6395,9.86,187.93103448275866,208.6206896551724,30.43,17.68,22.44
SAVE,2024-10-21,2.05,2.25,324,-0.20000000000000018,-64.80000000000005,eod_close,2.6670000000000003,1.7599999999999998,1.644,1.557,1.47,39.45578231292516,72.78911564625852,2.54,1.85,2.25
ENSC,2024-10-22,7.848,8.085,39,-0.237000000000001,-9.243000000000038,eod_close,12.9402,5.468999999999999,4.5174,3.8037,3.09,153.98058252427185,298.83495145631065,12.324,6.468,8.085
HYZN,2024-10-22,3.32,2.1385,1069,1.1814999999999998,1263.0234999999998,fade_85,3.507,2.625,2.347,2.1385,1.93,72.02072538860104,73.05699481865284,3.34,2.11,2.55
GNPX,2024-10-22,3.39,2.45,256,0.94,240.64,fade_50,4.168500000000001,2.45,2.074,1.792,1.51,124.50331125827816,162.91390728476824,3.97,2.43,3.59
DBVT,2024-10-23,5.05,3.7325,297,1.3175,391.29749999999996,fade_85,5.7225,4.275,3.965,3.7325,3.5,44.28571428571428,55.714285714285715,5.45,3.001,3.4005
VRAX,2024-10-23,3.33,2.505,424,0.8250000000000002,349.80000000000007,fade_50,3.801,2.505,2.175,1.9275,1.68,98.21428571428572,115.47619047619051,3.62,2.36,2.52
NXU,2024-10-24,14.838,11.972,40,2.8659999999999997,114.63999999999999,eod_close,19.740000000000002,9.922,7.9556000000000004,6.4808,5.006,196.4043148222133,275.5493407910508,18.8,10.224,11.972
LGCB,2024-10-24,4.782,3.3070999999999997,110,1.4749000000000003,162.23900000000003,fade_70,6.59505,3.7285,3.3070999999999997,2.99105,2.675,78.76635514018693,134.80373831775702,6.281,3.155,3.33
CCTG,2024-10-24,2.61,2.17495,278,0.43504999999999994,120.94389999999999,fade_50,3.3285,2.17495,2.00093,1.870415,1.7399,50.00862118512558,82.19437898729811,3.17,2.1,2.41
ZENA,2024-10-24,2.91,2.105,1201,0.8050000000000002,966.8050000000002,fade_70,3.0765000000000002,2.335,2.105,1.9325,1.76,65.3409090909091,66.47727272727273,2.93,2.03,2.16
AMIX,2024-10-28,19.22,13.465,59,5.754999999999999,339.54499999999996,fade_50,22.5645,13.465,11.163,9.436499999999999,7.71,149.2866407263294,178.72892347600518,21.49,11.81,12.38
EVOK,2024-10-28,11.11,7.042999999999999,109,4.067,443.303,fade_70,12.935895,8.205,7.042999999999999,6.1715,5.3,109.62264150943395,132.45094339622642,12.3199,6.83,7.08
GMM,2024-10-28,8.349,6.8107500000000005,74,1.5382499999999997,113.83049999999997,fade_50,11.025,6.8107500000000005,6.19545,5.733975,5.2725,58.349928876244675,99.14651493598863,10.5,6.33,7.05
GLYC,2024-10-29,38.21,49.0,7,-10.79,-75.53,eod_close,66.15,27.515,23.237000000000002,20.0285,16.82,127.17003567181926,274.5541022592152,63.0,32.11,49.0
LIXT,2024-10-29,2.16,2.08,572,0.08000000000000007,45.76000000000004,eod_close,2.5095,1.735,1.565,1.4375,1.31,64.88549618320612,82.44274809160305,2.39,1.75,2.08
LUCY,2024-10-29,10.04,7.198,227,2.8419999999999987,645.1339999999997,fade_70,10.920000000000002,8.01,7.198,6.589,5.98,67.89297658862874,73.91304347826086,10.4,7.12,7.71
STI,2024-10-30,32.86,23.718,60,9.142,548.52,fade_70,36.17250000000001,26.33,23.718,21.759,19.8,65.95959595959596,73.989898989899,34.45,22.6,23.565
THAR,2024-10-30,5.7099,3.1339699999999997,200,2.5759300000000005,515.1860000000001,fade_70,6.7095,3.8699500000000002,3.1339699999999997,2.581985,2.03,181.27586206896555,214.7783251231527,6.39,3.0801,3.43
ASPI,2024-10-30,8.55,7.155,175,1.3950000000000005,244.12500000000009,fade_50,9.691500000000001,7.155,6.597,6.1785,5.76,48.437500000000014,60.24305555555556,9.23,6.8373,6.9
EFSH,2024-10-31,5.025,3.2298,336,1.7952000000000004,603.1872000000001,fade_85,5.6196,3.9690000000000003,3.5465999999999998,3.2298,2.913,72.50257466529354,83.72811534500516,5.352,3.1425,3.975
AMIX,2024-10-31,15.49,11.815,79,3.6750000000000007,290.32500000000005,fade_70,18.007395,12.865,11.815,11.0275,10.24,51.26953125,67.47949218749997,17.1499,11.81,14.31
ROOT,2024-10-31,81.48,68.39,4,13.090000000000003,52.360000000000014,eod_close,124.0575,60.985,52.787000000000006,46.6385,40.49,101.23487280810077,191.8004445542109,118.15,63.12,68.39
UUU,2024-10-31,2.01,2.19,437,-0.18000000000000016,-78.66000000000007,eod_close,2.4675000000000002,1.73,1.6179999999999999,1.534,1.45,38.6206896551724,62.068965517241395,2.35,1.75,2.19
TOVX,2024-11-01,2.19,1.825,343,0.365,125.195,fade_50,2.7720000000000002,1.825,1.679,1.5695,1.46,50.0,80.82191780821918,2.64,1.76,1.99
ADN,2024-11-04,4.23,3.0650000000000004,653,1.165,760.745,fade_50,4.5360000000000005,3.0650000000000004,2.599,2.2495,1.9,122.63157894736845,127.36842105263162,4.32,2.855,3.35
STAF,2024-11-04,3.1,2.84,285,0.26000000000000023,74.10000000000007,eod_close,3.801,2.4,2.12,1.91,1.7,82.3529411764706,112.94117647058823,3.62,2.48,2.84
AGFY,2024-11-05,5.51,3.851,485,1.6589999999999998,804.6149999999999,fade_70,5.922,4.325,3.851,3.4955,3.14,75.47770700636941,79.61783439490443,5.64,3.82,4.4
ZVSA,2024-11-05,2.66,2.54,227,0.1200000000000001,27.240000000000023,eod_close,3.5385000000000004,2.24,2.072,1.9460000000000002,1.82,46.15384615384615,85.16483516483517,3.37,2.3501,2.54
ALBT,2024-11-05,4.11,3.6,245,0.5100000000000002,124.95000000000006,eod_close,4.924500000000001,3.1750000000000003,2.801,2.5205,2.24,83.48214285714285,109.375,4.69,3.2101,3.6
FOXO,2024-11-06,5.413,15.574,11,-10.161,-111.771,eod_close,22.1487,4.0605,3.5195000000000003,3.11375,2.708,99.88921713441654,678.9512555391433,21.094,5.008,15.574
DATS,2024-11-06,3.49,2.3,689,1.1900000000000004,819.9100000000003,fade_70,3.7800000000000002,2.64,2.3,2.045,1.79,94.97206703910615,101.1173184357542,3.6,2.16,2.24
SONN,2024-11-06,9.98,5.0755,369,4.9045000000000005,1809.7605,fade_85,10.521,7.095000000000001,5.941,5.0755,4.21,137.05463182897864,138.0047505938242,10.02,3.4,3.73
INDI,2024-11-08,4.64,5.48,173,-0.8400000000000007,-145.32000000000014,eod_close,5.795999999999999,4.035,3.793,3.6115,3.43,35.27696793002914,60.93294460641396,5.52,4.6,5.48
TIVC,2024-11-08,7.7299,6.0792,51,1.6506999999999996,84.18569999999998,fade_50,11.602500000000001,6.0792,5.41892,4.92371,4.4285,74.5489443378119,149.52015355086377,11.05,5.7001,6.9003
XBP,2024-11-12,1.47,1.1895,1904,0.28049999999999997,534.0719999999999,fade_50,1.5750000000000002,1.1895,1.0773,0.99315,0.909,61.716171617161706,65.01650165016501,1.5,1.18,1.33
BTCT,2024-11-12,4.72,10.5,15,-5.78,-86.7,eod_close,17.85,3.62,3.1799999999999997,2.85,2.52,87.30158730158729,574.6031746031746,17.0,4.08,10.5
LGMK,2024-11-12,5.3525,4.33875,100,1.01375,101.375,fade_50,7.3500000000000005,4.33875,3.93325,3.629125,3.325,60.97744360902255,110.52631578947367,7.0,4.3,4.4625
NMHI,2024-11-13,4.02,3.2954999999999997,62,0.7244999999999999,44.919,fade_50,7.20405,3.2954999999999997,3.0057,2.78835,2.571,56.35939323220535,166.86114352392062,6.861,3.201,4.26
BTCT,2024-11-13,22.53,16.515,37,6.015000000000001,222.555,fade_50,27.909,16.515,14.109,12.3045,10.5,114.57142857142858,153.1428571428571,26.58,15.36,17.65
KXIN,2024-11-13,5.045,3.9825,76,1.0625,80.75,fade_50,7.665,3.9825,3.5575,3.23875,2.92,72.77397260273972,150.0,7.3,3.91,4.18
GXAI,2024-11-14,2.03,1.6239999999999999,342,0.4059999999999999,138.85199999999998,fade_70,2.6145000000000005,1.7399999999999998,1.6239999999999999,1.537,1.45,39.99999999999999,71.72413793103449,2.49,1.61,1.76
UAVS,2024-11-14,3.03,3.58,95,-0.5500000000000003,-52.25000000000003,eod_close,5.124,2.32,2.036,1.823,1.61,88.19875776397514,203.1055900621118,4.88,2.76,3.58
GREE,2024-11-15,3.81,2.6710000000000003,905,1.1389999999999998,1030.7949999999998,fade_85,4.03095,3.14,2.8720000000000003,2.6710000000000003,2.47,54.25101214574898,55.42510121457489,3.839,2.58,2.67
BENF,2024-11-15,1.77,1.328,282,0.44199999999999995,124.64399999999999,fade_85,2.4779999999999998,1.51,1.406,1.328,1.25,41.6,88.79999999999998,2.36,1.14,1.2
SPPL,2024-11-15,9.92,10.16,39,-0.2400000000000002,-9.360000000000008,eod_close,14.952000000000002,8.492,7.9208,7.4924,7.064,40.43035107587769,101.58550396375992,14.24,8.56,10.16
BE,2024-11-15,20.95,21.14,74,-0.19000000000000128,-14.060000000000095,eod_close,23.625,17.115,15.581,14.430499999999999,13.28,57.75602409638555,69.42771084337349,22.5,17.8,21.14
UAVS,2024-11-18,4.69,3.795,252,0.8950000000000005,225.5400000000001,fade_50,5.481,3.795,3.4370000000000003,3.1685,2.9,61.724137931034505,80.0,5.22,3.62,3.89
HCWB,2024-11-18,36.42,49.6,2,-13.18,-26.36,eod_close,105.84,24.102000000000004,19.1748,15.479400000000002,11.784,209.06313645621185,755.3971486761711,100.8,34.0,49.6
APLM,2024-11-18,18.41,19.38,10,-0.9699999999999989,-9.699999999999989,eod_close,37.778999999999996,14.0,12.236,10.913,9.59,91.97080291970804,275.18248175182475,35.98,14.73,19.38
SOAR,2024-11-19,13.75,11.7475,31,2.0024999999999995,62.077499999999986,eod_close,20.012999999999998,9.5125,7.817500000000001,6.546250000000001,5.275,160.6635071090047,261.3270142180094,19.06,9.9,11.7475
PRFX,2024-11-19,4.56,5.6,64,-1.04,-66.56,eod_close,7.644000000000001,3.3499999999999996,2.866,2.503,2.14,113.08411214953269,240.18691588785046,7.28,3.748,5.6
TNXP,2024-11-20,26.15,19.233999999999998,69,6.916,477.204,fade_70,29.0115,21.21,19.233999999999998,17.752,16.27,60.72526121696373,69.82175783650891,27.63,18.22,19.0
FBRX,2024-11-20,10.46,13.55,21,-3.09,-64.89,eod_close,19.7505,8.19255,7.28557,6.605335,5.9251,76.53710485898975,217.46299640512396,18.81,8.7914,13.55
SPAI,2024-11-21,6.1767,4.68835,308,1.4883500000000005,458.41180000000014,fade_50,6.824895000000001,4.68835,4.0930100000000005,3.6465050000000003,3.2,93.021875,103.12187499999999,6.4999,4.1,4.47
WORX,2024-11-21,1.66,2.12,162,-0.4600000000000002,-74.52000000000002,eod_close,2.8875,1.3199999999999998,1.184,1.082,0.98,69.38775510204081,180.6122448979592,2.75,1.5801,2.12
CTV,2024-11-21,2.9901,3.01,941,-0.019899999999999807,-18.725899999999818,eod_close,3.2025,2.30505,2.03103,1.825515,1.62,84.57407407407406,88.27160493827158,3.05,2.98,3.01
RGTI,2024-11-25,2.63,2.75,220,-0.1200000000000001,-26.400000000000023,eod_close,3.5385000000000004,2.185,2.007,1.8735,1.74,51.14942528735632,93.67816091954025,3.37,2.37,2.75
VSTE,2024-11-25,2.5,2.075,1277,0.4249999999999998,542.7249999999998,fade_50,2.6565,2.075,1.9049999999999998,1.7774999999999999,1.65,51.51515151515152,53.33333333333332,2.53,1.94,2.13
KULR,2024-11-25,5.2808,6.32,107,-1.0392000000000001,-111.19440000000002,eod_close,7.14,4.4208,4.0768,3.8188,3.5608,48.30375196585038,90.96832172545494,6.8,4.8104,6.32
QMCO,2024-11-25,13.66,21.77,12,-8.11,-97.32,eod_close,29.168895000000003,11.395,10.489,9.8095,9.13,49.616648411829125,204.2705366922234,27.7799,13.5,21.77
IDAI,2024-11-26,5.4135,5.475,89,-0.061499999999999666,-5.47349999999997,eod_close,7.652925000000001,4.05675,3.51405,3.107025,2.7,100.49999999999999,169.9444444444444,7.2885,4.6654,5.475
TOYO,2024-11-26,5.52,5.41,259,0.10999999999999943,28.489999999999853,eod_close,6.2895,4.21,3.686,3.2929999999999997,2.9,90.34482758620689,106.55172413793106,5.99,4.45,5.41
PSTX,2024-11-26,9.28,9.38,333,-0.10000000000000142,-33.30000000000047,eod_close,9.880500000000001,6.07,4.786,3.823,2.86,224.4755244755245,229.02097902097904,9.41,9.25,9.38
ZENA,2024-11-26,12.19,8.151,232,4.039,937.0479999999999,fade_70,13.0515,9.305,8.151,7.2855,6.42,89.87538940809968,93.61370716510903,12.43,8.0,10.3
CYCN,2024-11-27,2.15,1.755,651,0.395,257.14500000000004,fade_50,2.457,1.755,1.597,1.4785000000000001,1.36,58.08823529411763,72.05882352941175,2.34,1.72,2.16
VCIG,2024-11-27,49.8,82.0,1,-32.2,-32.2,eod_close,162.54000000000002,42.8,40.0,37.9,35.8,39.106145251396654,332.40223463687164,154.8,46.6,82.0
UMAC,2024-11-27,10.159,7.759500000000001,95,2.3994999999999997,227.9525,fade_50,12.2535,7.759500000000001,6.7997000000000005,6.07985,5.36,89.53358208955224,117.72388059701493,11.67,7.19,9.89
IDAI,2024-11-27,10.461,7.968,65,2.4930000000000003,162.04500000000002,fade_50,13.518225,7.968,6.9708,6.2229,5.475,91.06849315068494,135.15068493150687,12.8745,7.8495,12.6
HWH,2024-11-27,4.5995,4.7665,134,-0.16699999999999982,-22.377999999999975,eod_close,6.09,3.71225,3.3573500000000003,3.0911750000000002,2.825,62.814159292035384,105.3097345132743,5.8,3.752,4.7665
JCSE,2024-12-02,1.88,1.397,681,0.4829999999999999,328.9229999999999,fade_70,2.173395,1.535,1.397,1.2934999999999999,1.19,57.98319327731092,73.94117647058825,2.0699,1.33,1.79
KULR,2024-12-02,13.04,11.16,120,1.879999999999999,225.59999999999988,fade_50,14.699160000000001,11.16,10.408,9.844,9.28,40.51724137931035,50.85344827586209,13.9992,10.64,11.28
NVCR,2024-12-02,28.25,29.85,40,-1.6000000000000014,-64.00000000000006,eod_close,33.1485,24.145,22.503,21.2715,20.04,40.96806387225549,57.53493013972057,31.57,25.0,29.85
SNTI,2024-12-02,7.09,10.0,18,-2.91,-52.38,eod_close,17.787000000000003,4.625,3.6390000000000002,2.8995,2.16,228.2407407407407,684.2592592592592,16.94,6.55,10.0
MOB,2024-12-02,2.46,2.04,375,0.41999999999999993,157.49999999999997,fade_70,2.9925,2.16,2.04,1.9500000000000002,1.86,32.258064516129025,53.2258064516129,2.85,2.02,2.41
PPBT,2024-12-02,4.99,8.4,20,-3.41,-68.2,eod_close,14.647499999999999,4.1725,3.8455,3.60025,3.355,48.733233979135626,315.7973174366616,13.95,4.25,8.4
SOAR,2024-12-03,10.0025,9.15,100,0.8524999999999991,85.24999999999991,eod_close,11.983125,7.77375,6.88225,6.2136249999999995,5.545,80.38773669972949,105.81605049594228,11.4125,8.1,9.15
ZJK,2024-12-03,18.2,12.27,14,5.93,83.02,fade_50,32.024895,12.27,9.898,8.119,6.34,187.06624605678232,381.07097791798105,30.4999,11.52,17.26
JANX,2024-12-03,67.17,59.86,26,7.310000000000002,190.06000000000006,eod_close,74.8125,53.675,48.277,44.2285,40.18,67.17272274763565,77.32702837232455,71.25,59.3043,59.86
CHRS,2024-12-03,2.04,1.705,391,0.33499999999999996,130.98499999999999,fade_50,2.5515000000000003,1.705,1.5710000000000002,1.4705000000000001,1.37,48.905109489051085,77.37226277372262,2.43,1.67,1.71
PSQH,2024-12-03,4.39,7.63,53,-3.24,-171.72,eod_close,8.1585,3.2249999999999996,2.759,2.4095,2.06,113.10679611650482,277.18446601941747,7.77,3.59,7.63
CTNT,2024-12-03,7.82,4.845000000000001,180,2.9749999999999996,535.4999999999999,fade_50,8.925,4.845000000000001,3.6550000000000002,2.7625,1.87,318.1818181818182,354.5454545454545,8.5,4.6,4.89
CYCN,2024-12-04,5.16,6.35,41,-1.1899999999999995,-48.78999999999998,eod_close,9.943395,3.385,2.675,2.1425,1.61,220.49689440993788,488.19254658385097,9.4699,4.61,6.35
CCRN,2024-12-04,18.15,18.16,182,-0.010000000000001563,-1.8200000000002845,eod_close,19.246499999999997,14.655,13.257,12.2085,11.16,62.63440860215053,64.24731182795698,18.33,17.96,18.16
HRTX,2024-12-04,1.98,1.58,1826,0.3999999999999999,730.3999999999999,fade_50,2.0895,1.58,1.42,1.2999999999999998,1.18,67.79661016949153,68.64406779661019,1.99,1.47,1.64
CNEY,2024-12-04,19.75,13.82,67,5.93,397.31,fade_50,22.693125000000002,13.82,11.448,9.669,7.89,150.3168567807351,173.92268694550066,21.6125,12.75,12.765
PRFX,2024-12-05,4.88,4.5,159,0.3799999999999999,60.41999999999998,eod_close,6.131895,3.7800000000000002,3.34,3.0100000000000002,2.68,82.08955223880595,117.90671641791045,5.8399,4.07,4.5
TARA,2024-12-05,9.45,6.494999999999999,128,2.955,378.24,fade_50,11.004000000000001,6.494999999999999,5.313,4.4265,3.54,166.94915254237287,196.04519774011303,10.48,5.95,6.02
RKDA,2024-12-05,7.08,5.45,53,1.63,86.39,eod_close,10.825395000000002,4.8885000000000005,4.0119,3.35445,2.697,162.51390433815348,282.27289581015947,10.3099,5.05,5.45
BJDX,2024-12-05,6.54,5.215,198,1.3250000000000002,262.35,fade_50,7.549500000000001,5.215,4.6850000000000005,4.2875,3.89,68.12339331619538,84.83290488431876,7.19,4.8,6.2
ALBT,2024-12-06,6.32,4.49,358,1.83,655.14,fade_50,6.8775,4.49,3.758,3.209,2.66,137.593984962406,146.2406015037594,6.55,3.79,4.12
GXAI,2024-12-06,1.99,2.6,109,-0.6100000000000001,-66.49000000000001,eod_close,3.821895,1.705,1.591,1.5054999999999998,1.42,40.14084507042254,156.33098591549296,3.6399,1.86,2.6
ZBAO,2024-12-06,3.99,2.766,405,1.2240000000000002,495.7200000000001,fade_85,4.483499999999999,3.27,2.9819999999999998,2.766,2.55,56.47058823529414,67.45098039215686,4.27,2.55,2.79
ZEO,2024-12-09,2.7,2.65,833,0.050000000000000266,41.65000000000022,eod_close,2.94,2.0250000000000004,1.7550000000000001,1.5525000000000002,1.35,100.0,107.40740740740739,2.8,2.2,2.65
UOKA,2024-12-09,5.265,4.122249999999999,63,1.1427500000000004,71.99325000000002,fade_70,8.4,4.4487499999999995,4.122249999999999,3.877375,3.6325,44.94150034411562,120.2339986235375,8.0,3.9,5.0825
SONN,2024-12-09,4.34,2.436,265,1.904,504.56,fade_85,5.0925,3.2199999999999998,2.7720000000000002,2.436,2.1,106.66666666666664,130.95238095238093,4.85,1.93,1.98
DUO,2024-12-09,16.16,12.7056,20,3.4543999999999997,69.088,fade_50,25.872000000000003,12.7056,11.32384,10.28752,9.2512,74.68004150812865,166.34382566585955,24.64,12.32,14.0752
CMRX,2024-12-10,2.18,2.76,144,-0.5799999999999996,-83.51999999999995,eod_close,3.5595000000000003,1.5225,1.2595,1.06225,0.865,152.02312138728325,291.90751445086704,3.39,2.05,2.76
CPIX,2024-12-10,2.91,2.44,683,0.4700000000000002,321.01000000000016,eod_close,3.2025,2.075,1.741,1.4905,1.24,134.67741935483872,145.96774193548384,3.05,2.21,2.44
BNZI,2024-12-10,21.1,17.5,29,3.6000000000000014,104.40000000000003,fade_50,27.930000000000003,17.5,16.060000000000002,14.98,13.9,51.79856115107915,91.36690647482015,26.6,16.703,20.5
QURE,2024-12-10,13.72,15.3,44,-1.58,-69.52000000000001,eod_close,18.259500000000003,10.5075,9.2225,8.25875,7.295,88.07402330363263,138.38245373543523,17.39,12.8,15.3
CRDF,2024-12-10,3.6,3.78,264,-0.17999999999999972,-47.519999999999925,eod_close,4.357500000000001,3.02,2.788,2.614,2.44,47.54098360655738,70.08196721311477,4.15,3.21,3.78
AMPG,2024-12-11,1.76,1.93,231,-0.16999999999999993,-39.26999999999998,eod_close,2.625,1.37605,1.22247,1.107285,0.9921,77.40147162584418,151.9907267412559,2.5,1.47,1.93
CADL,2024-12-11,12.548,6.9914000000000005,71,5.5565999999999995,394.5186,fade_70,15.33,8.579,6.9914000000000005,5.8007,4.61,172.19088937093275,216.70281995661603,14.6,6.13,7.75
TRVI,2024-12-12,3.91,3.6,217,0.31000000000000005,67.27000000000001,eod_close,4.83,3.2,2.9160000000000004,2.7030000000000003,2.49,57.02811244979918,84.73895582329314,4.6,3.43,3.6
PALI,2024-12-12,2.85,2.125,325,0.7250000000000001,235.62500000000003,fade_50,3.465,2.125,1.835,1.6175,1.4,103.57142857142858,135.71428571428572,3.3,1.91,2.36
