ticker,scan_date,c,gap,gap_pct,pm_high_pct,pm_vol,prev_close,prev_high,o,h,l,month
TGL,2025-01-03,19.5,27.134999999999998,286.3852242744063,311.6094986807388,6749902.06,9.475,9.475,36.61,39.0,16.5,2025-01
NITO,2025-01-03,2.64,1.1300000000000001,105.60747663551402,226.16822429906543,358291646.0,1.07,1.35,2.2,3.49,2.0,2025-01
MFI,2025-01-03,10.24,4.977600000000001,85.49051937345425,117.09260785930202,9900572.375,5.8224,6.2,10.8,12.64,8.64,2025-01
RHE,2025-01-06,3.56,2.75,177.41935483870967,338.7096774193548,41613441.0,1.55,1.55,4.3,6.8,3.0701,2025-01
FUBO,2025-01-06,5.06,2.54,176.3888888888889,268.05555555555554,682150133.0,1.44,1.48,3.98,5.3,3.05,2025-01
SPRC,2025-01-06,22.47,9.6453,87.00511460503884,239.07937109301005,9105020.0476,11.0859,11.4303,20.7312,37.59,18.0621,2025-01
MEGL,2025-01-06,3.596,2.7516,122.38035936666071,145.5079167407934,19780863.25,2.2484,2.32,5.0,5.52,3.264,2025-01
GFAI,2025-01-06,2.99,0.8499999999999999,44.041450777202066,101.03626943005182,71807120.0,1.93,1.93,2.78,3.88,2.64,2025-01
ARBE,2025-01-06,4.0,1.87,71.10266159695819,86.31178707224336,129861525.0,2.63,2.77,4.5,4.9,3.48,2025-01
KITT,2025-01-06,4.86,2.2300000000000004,58.68421052631581,58.94736842105264,50215832.0,3.8,3.95,6.03,6.04,4.18,2025-01
HOTH,2025-01-07,2.28,0.8503999999999999,103.7579306979014,363.6408003904344,417872674.0,0.8196,0.8196,1.67,3.8,1.44,2025-01
XTIA,2025-01-07,28.525,30.5,138.63636363636365,172.72727272727272,10671784.388,22.0,22.075,52.5,60.0,25.0,2025-01
SVMH,2025-01-07,4.2,1.0950000000000002,47.3002159827214,107.77537796976242,27753867.96,2.315,2.515,3.41,4.81,2.875,2025-01
MSAI,2025-01-07,2.48,1.15,57.49999999999999,66.5,56942348.0,2.0,2.1073,3.15,3.33,2.4,2025-01
IMRX,2025-01-07,2.36,1.3800000000000003,58.474576271186464,61.01694915254237,80920352.0,2.36,2.6,3.74,3.8,2.31,2025-01
INVZ,2025-01-07,2.2,0.72,36.18090452261307,57.78894472361811,84713917.0,1.99,2.05,2.71,3.14,2.12,2025-01
AUR,2025-01-07,8.39,2.5500000000000007,39.23076923076924,51.23076923076923,98923737.0,6.5,6.925,9.05,9.83,8.1505,2025-01
GETY,2025-01-07,3.19,1.1300000000000003,43.968871595330754,50.38910505836578,65771442.0,2.57,2.64,3.7,3.865,3.08,2025-01
CURR,2025-01-08,3.92,1.32,94.96402877697842,409.34532374100723,293274474.0,1.39,1.49,2.71,7.0799,2.56,2025-01
SANA,2025-01-08,4.3,4.42,267.8787878787879,342.4242424242425,161196062.0,1.65,1.91,6.07,7.3,4.12,2025-01
SILO,2025-01-08,1.71,0.8599999999999999,78.89908256880732,209.16513761467886,166105584.0,1.09,1.14,1.95,3.3699,1.66,2025-01
ACCD,2025-01-08,6.86,3.53,105.37313432835819,106.56716417910448,24748329.0,3.35,3.7,6.88,6.92,6.84,2025-01
TPET,2025-01-08,2.04,0.73,57.48031496062992,105.51181102362204,89318076.0,1.27,1.52,2.0,2.61,1.4,2025-01
VIR,2025-01-08,12.48,4.660000000000001,59.062103929024104,83.14321926489228,39488344.0,7.89,8.188,12.55,14.45,11.4701,2025-01
VMAR,2025-01-10,21.5,7.800000000000001,51.31578947368421,156.57894736842107,17557020.9,15.2,16.8,23.0,39.0,20.5,2025-01
DTIL,2025-01-10,5.7,2.3,51.11111111111111,65.3311111111111,19259558.0,4.5,4.91,6.8,7.4399,5.27,2025-01
PHIO,2025-01-13,6.6,2.47,146.15384615384616,479.2899408284024,281979243.0,1.69,1.7,4.16,9.79,4.11,2025-01
SLRX,2025-01-13,55.05,43.275,184.34504792332268,360.0638977635782,8017357.6667,23.475,24.45,66.75,108.0,54.15,2025-01
ATPC,2025-01-13,1.97,0.9299999999999999,73.8095238095238,132.53968253968256,84163203.0,1.26,1.3,2.19,2.93,1.79,2025-01
NMHI,2025-01-14,1.53,1.62,143.3628318584071,236.283185840708,167181229.0,1.13,1.73,2.75,3.8,1.43,2025-01
ERNA,2025-01-14,6.87,3.0150000000000006,65.04854368932041,210.67961165048547,38400207.0667,4.635,4.7295,7.65,14.4,6.4862,2025-01
AIFF,2025-01-14,3.15,2.5900000000000003,136.31578947368425,205.26315789473685,131280318.0,1.9,2.214,4.49,5.8,2.85,2025-01
HEES,2025-01-14,90.29,46.53,105.89440145653164,106.32680928538916,13288156.0,43.94,44.12,90.47,90.66,90.21,2025-01
STAF,2025-01-14,2.79,1.415,62.1978021978022,63.95604395604395,17597289.0,2.275,2.33,3.69,3.73,2.71,2025-01
FAMI,2025-01-15,3.5892,2.4756,65.74251115360103,87.82664117272148,5696813.4167,3.7656,3.8388,6.2412,7.0728,3.3624,2025-01
VMAR,2025-01-15,20.5,6.300000000000001,45.00000000000001,82.14285714285714,6713318.7,14.0,15.584,20.3,25.5,17.0,2025-01
OSTX,2025-01-15,4.36,2.59,62.25961538461537,68.26923076923077,19059205.0,4.16,4.7,6.75,7.0,4.0701,2025-01
BMRA,2025-01-16,5.648,6.000000000000001,214.28571428571433,262.8571428571429,49451075.125,2.8,2.96,8.8,10.16,4.4984,2025-01
VS,2025-01-17,2.76,1.48,77.08333333333334,97.39583333333334,65291137.0,1.92,2.1399,3.4,3.79,2.57,2025-01
NUKK,2025-01-17,29.5,12.969999999999999,63.17584023380418,94.10618606916708,19092598.0,20.53,21.2999,33.5,39.85,28.84,2025-01
VATE,2025-01-21,9.52,2.3199999999999994,45.401174168297445,114.28375733855182,31089908.0,5.11,5.21,7.43,10.9499,6.5501,2025-01
EONR,2025-01-21,1.34,0.53,51.9607843137255,86.27450980392155,134486007.0,1.02,1.03,1.55,1.9,1.25,2025-01
INM,2025-01-21,5.05,2.29,46.26262626262626,67.07070707070706,26115053.0,4.95,4.95,7.24,8.27,4.97,2025-01
BLBX,2025-01-22,5.52,1.6400000000000001,97.0414201183432,255.02366863905328,237548077.0,1.69,1.82,3.33,5.9999,2.68,2025-01
DGNX,2025-01-23,12.75,7.859999999999999,104.79999999999998,206.0,9759843.0,7.5,7.5,15.36,22.95,10.11,2025-01
VNCE,2025-01-23,3.9,2.03,86.38297872340425,137.01702127659573,134979670.0,2.35,2.96,4.38,5.5699,3.82,2025-01
HEPA,2025-01-23,10.0,2.8450000000000006,42.14814814814816,134.66666666666666,10805859.44,6.75,7.2,9.595,15.84,7.8,2025-01
ALUR,2025-01-24,8.69,13.09,353.78378378378375,354.32432432432427,70612146.0,3.7,3.7,16.79,16.81,7.3904,2025-01
NVNI,2025-01-24,4.4,0.6799999999999999,45.63758389261744,293.9597315436242,367836076.0,1.49,1.58,2.17,5.87,2.12,2025-01
EVAX,2025-01-24,6.03,3.3299999999999996,91.48351648351647,169.23076923076925,55785416.0,3.64,4.19,6.97,9.8,4.81,2025-01
ELAB,2025-01-24,21.7,13.86,100.0,105.55555555555554,11029167.1429,13.86,14.35,27.72,28.49,19.46,2025-01
JG,2025-01-27,14.53,10.4179,173.28221420136057,248.29759984032202,38722279.0,6.0121,6.24,16.43,20.94,11.63,2025-01
AKRO,2025-01-27,51.71,31.08,118.71657754010694,123.07104660045836,15270330.0,26.18,26.474,57.26,58.4,48.4705,2025-01
HOLO,2025-01-27,67.2,41.2,66.45161290322581,67.09677419354838,5138662.0,62.0,71.2,103.2,103.6,66.0,2025-01
ETNB,2025-01-27,9.0,3.4699999999999998,48.667601683029446,65.07713884992987,26113277.0,7.13,7.205,10.6,11.77,8.71,2025-01
SLXN,2025-01-28,20.25,9.45,108.62068965517241,168.94827586206898,15996991.8,8.7,9.75,18.15,23.3985,14.9993,2025-01
BACK,2025-01-28,1.22,0.5410000000000001,65.25934861278651,88.17852834740654,58877183.0,0.829,0.8838,1.37,1.56,1.05,2025-01
SLXN,2025-01-29,47.1,12.299999999999997,60.740740740740726,155.55555555555554,22029650.2,20.25,23.3985,32.55,51.75,27.6,2025-01
AMOD,2025-01-30,3.14,1.19,77.27272727272727,259.73376623376623,126590573.0,1.54,1.69,2.73,5.5399,2.7,2025-01
TECX,2025-01-30,54.84,23.78,92.45723172628306,127.91601866251945,5545582.0,25.72,25.72,49.5,58.62,47.01,2025-01
NLSP,2025-01-31,2.49,1.0499999999999998,53.03030303030302,70.2020202020202,61242764.0,1.98,2.019,3.03,3.37,2.29,2025-01
HCWB,2025-02-03,25.436,28.016,251.76132278936018,270.2372393961179,8616147.2,11.128,11.576,39.144,41.2,21.736,2025-02
UOKA,2025-02-03,5.95,4.45,136.92307692307693,244.91692307692307,14163449.64,3.25,3.95,7.7,11.2098,5.25,2025-02
GHRS,2025-02-03,17.99,9.4,88.67924528301887,93.39622641509435,10308537.0,10.6,10.63,20.0,20.5,17.51,2025-02
SOPA,2025-02-03,2.43,0.7200000000000002,47.36842105263159,90.78289473684211,115545261.0,1.52,1.66,2.24,2.8999,2.03,2025-02
VLCN,2025-02-04,25.6,18.96,70.95808383233533,202.39520958083835,6948656.875,26.72,27.04,45.68,80.8,24.4808,2025-02
QNTM,2025-02-04,6.71,2.6599999999999997,83.64779874213835,128.9308176100629,78571411.0,3.18,3.31,5.84,7.28,4.76,2025-02
AZTR,2025-02-04,2.1578,1.6417000000000002,88.510890662066,111.09553590683632,37343845.9459,1.8548,1.8648,3.4965,3.9154,1.6151,2025-02
EVAX,2025-02-04,3.27,1.5300000000000002,63.750000000000014,68.75,62828962.0,2.4,2.426,3.93,4.05,2.93,2025-02
PTIR,2025-02-04,15.246,4.637700000000001,44.79008721014458,54.71832958287861,25568145.0,10.3543,10.42,14.992,16.02,14.46,2025-02
OGEN,2025-02-05,8.88,7.5,87.99718409010912,121.7177050334389,8263239.4667,8.523,8.76,16.023,18.897,7.626,2025-02
KTTA,2025-02-05,2.74,1.5499999999999998,74.51923076923076,85.09615384615385,61494899.0,2.08,2.18,3.63,3.85,2.67,2025-02
LIPO,2025-02-06,4.65,4.02,155.81395348837208,183.33333333333331,86928043.0,2.58,2.63,6.6,7.31,4.07,2025-02
CDT,2025-02-07,42.75,16.799999999999997,72.25806451612901,138.70967741935485,9613325.4,23.25,27.3,40.05,55.5,33.75,2025-02
CYTH,2025-02-07,1.19,0.5700000000000001,74.02597402597402,88.3116883116883,84727953.0,0.77,0.83,1.34,1.45,0.97,2025-02
CYN,2025-02-10,27.705,4.245000000000001,47.00996677740865,227.24252491694355,13908267.1733,9.03,10.2,13.275,29.55,12.15,2025-02
PNBK,2025-02-10,2.35,0.9099999999999999,62.75862068965517,70.34482758620693,54047327.0,1.45,1.52,2.36,2.47,1.98,2025-02
DOMH,2025-02-11,7.46,4.27,69.31818181818181,83.92857142857142,33245308.0,6.16,6.5,10.43,11.33,7.33,2025-02
INAB,2025-02-11,9.204,3.8550000000000004,47.57497223250648,54.646427249167,7561146.7333,8.103,8.37,11.958,12.531,8.7,2025-02
LIPO,2025-02-11,4.32,1.5300000000000002,50.16393442622952,53.77049180327871,40012343.0,3.05,3.16,4.58,4.69,3.81,2025-02
TIVC,2025-02-12,11.9,2.5568,64.0,198.55319148936167,30368747.0,3.995,4.0783,6.5518,11.9272,5.9638,2025-02
NXU,2025-02-12,8.122,3.878,70.79225994888645,82.18327856882075,9345705.45,5.478,6.0,9.356,9.98,6.8782,2025-02
AMOD,2025-02-13,3.62,1.41,76.63043478260869,227.16847826086953,125942171.0,1.84,1.94,3.25,6.0199,3.14,2025-02
EDSA,2025-02-13,3.25,1.1300000000000001,60.752688172043015,141.39247311827953,115456916.0,1.86,1.99,2.99,4.4899,2.83,2025-02
JTAI,2025-02-14,6.03,3.25,125.96899224806202,217.82945736434104,104476130.0,2.58,2.59,5.83,8.2,5.0701,2025-02
WRD,2025-02-14,31.5,18.559999999999995,108.09551543389628,146.01048340128128,21075358.0,17.17,17.38,35.73,42.24,27.53,2025-02
KWE,2025-02-18,16.6782,6.656999999999998,67.8800856531049,169.8072805139186,13696641.9048,9.807,10.3383,16.464,26.46,14.8157,2025-02
EFOI,2025-02-18,2.72,0.6599999999999999,51.16279069767441,124.03100775193798,74699513.0,1.29,1.33,1.95,2.89,1.67,2025-02
PRFX,2025-02-18,3.71,2.4499999999999997,86.87943262411348,93.96808510638299,43838517.0,2.82,2.85,5.27,5.4699,3.3706,2025-02
SLDB,2025-02-18,5.3,2.6499999999999995,65.75682382133994,78.66004962779157,71207587.0,4.03,4.245,6.68,7.2,5.04,2025-02
OSRH,2025-02-19,5.46,2.5500000000000003,81.99356913183281,221.54340836012864,42095643.0,3.11,3.45,5.66,10.0,5.0,2025-02
SINT,2025-02-19,4.82,2.4600000000000004,87.2340425531915,116.6666666666667,70970295.0,2.82,2.9899,5.28,6.11,4.25,2025-02
XOS,2025-02-20,6.25,1.2999999999999998,41.53354632587859,192.32907348242816,96590886.0,3.13,3.23,4.43,9.1499,4.24,2025-02
WOK,2025-02-20,1.34,2.3099999999999996,92.77108433734938,140.96385542168673,116011305.0,2.49,2.5192,4.8,6.0,0.85,2025-02
APTO,2025-02-20,5.7,2.6370000000000005,58.639092728485664,70.11340893929288,6066443.0667,4.497,4.62,7.134,7.65,5.313,2025-02
MLGO,2025-02-21,190.8,59.403000000000006,172.1826086956522,918.2608695652174,17717848.5,34.5,37.2,93.903,351.3,79.5,2025-02
UPC,2025-02-21,8.056,4.668,81.89473684210526,144.77192982456137,10505314.725,5.7,6.072,10.368,13.952,7.08,2025-02
NAAS,2025-02-21,26.08,14.400000000000002,64.74820143884894,81.29496402877699,5283156.9375,22.24,23.04,36.64,40.32,24.32,2025-02
ATCH,2025-02-24,5.56,1.6699999999999995,71.06382978723403,461.27659574468083,146448389.0,2.35,2.39,4.02,13.19,4.0,2025-02
PEPG,2025-02-24,2.29,1.2399999999999998,90.51094890510947,227.007299270073,109229452.0,1.37,1.5,2.61,4.48,2.23,2025-02
RETO,2025-02-24,5.9,6.7410000000000005,166.07538802660756,203.03030303030303,7361253.4,4.059,4.1,10.8,12.3,5.411,2025-02
ATPC,2025-02-24,1.6,0.5539999999999999,59.18803418803418,142.5213675213675,76489318.0,0.936,0.948,1.49,2.27,1.15,2025-02
ONVO,2025-02-25,15.24,10.572,238.75338753387533,395.93495934959356,32191328.0833,4.428,4.44,15.0,21.96,11.28,2025-02
WAFU,2025-02-25,2.85,1.5,83.79888268156425,318.4301675977653,125457213.0,1.79,1.95,3.29,7.4899,2.41,2025-02
BREA,2025-02-25,9.406,3.6870000000000003,58.40329478853161,99.57231110407099,7707765.6,6.313,6.8,10.0,12.599,7.44,2025-02
ENVB,2025-02-26,2.3,1.89,160.16949152542372,281.35593220338984,135421195.0,1.18,1.48,3.07,4.5,2.12,2025-02
TRNR,2025-02-26,12.5,6.103,64.26239865220596,167.44235021585766,15882985.3,9.497,9.869,15.6,25.399,12.1,2025-02
SYTA,2025-02-26,4.17,3.49,99.71428571428572,99.71428571428571,23340159.0,3.5,3.76,6.99,6.99,3.73,2025-02
ULY,2025-02-27,8.0892,5.0927999999999995,101.04761904761904,127.61706349206348,12892670.75,5.04,5.76,10.1328,11.4719,7.2024,2025-02
XNET,2025-02-27,3.76,1.8400000000000003,63.44827586206898,65.68965517241378,49080300.0,2.9,2.9489,4.74,4.805,3.62,2025-02
NIXX,2025-02-27,1.71,0.7599999999999998,48.1012658227848,62.0253164556962,63774499.0,1.58,1.69,2.34,2.56,1.65,2025-02
NVVE,2025-02-28,2.7,1.9499999999999997,81.24999999999999,109.16250000000001,60749136.0,2.4,2.41,4.35,5.0199,2.52,2025-02
FTFT,2025-03-03,2.52,1.7359999999999998,85.94059405940592,147.37623762376236,22002598.0,2.02,2.199,3.756,4.997,2.2,2025-03
MASS,2025-03-04,3.88,1.52,76.76767676767678,102.02020202020203,125555227.0,1.98,2.25,3.5,4.0,3.09,2025-03
UOKA,2025-03-04,4.4,1.915,51.06666666666667,63.794666666666664,5278256.48,3.75,4.125,5.665,6.1423,4.05,2025-03
GV,2025-03-05,3.695,0.9899999999999998,76.74418604651162,208.5271317829457,188044772.0,1.29,1.39,2.28,3.98,2.11,2025-03
ARBB,2025-03-05,12.549,5.5035,70.5576923076923,87.01923076923077,5861051.7333,7.8,7.8,13.3035,14.5875,10.8,2025-03
CMRX,2025-03-05,8.46,3.4400000000000004,69.35483870967742,70.76612903225808,118555030.0,4.96,5.14,8.4,8.47,8.4,2025-03
SLXN,2025-03-05,21.75,6.75,40.54054054054054,60.36036036036037,5670127.0,16.65,17.1,23.4,26.7,19.5,2025-03
AGMH,2025-03-06,10.75,4.5600000000000005,89.14956011730206,182.297165200391,13894106.96,5.115,5.485,9.675,14.4395,9.5,2025-03
GV,2025-03-06,4.89,2.395,64.81732070365359,90.52503382949935,135249439.0,3.695,3.98,6.09,7.0399,4.05,2025-03
SCNX,2025-03-06,2.41,1.0499999999999998,47.72727272727271,64.09090909090907,49208846.0,2.2,2.42,3.25,3.61,2.26,2025-03
PSTV,2025-03-07,1.57,0.5750000000000002,39.93055555555557,60.40972222222221,103781620.0,1.44,1.54,2.015,2.3099,1.27,2025-03
RDFN,2025-03-10,9.77,4.209999999999999,72.33676975945015,79.89690721649485,94381872.0,5.82,5.98,10.03,10.47,9.44,2025-03
MLYS,2025-03-10,14.96,3.610000000000001,34.31558935361218,73.85931558935361,15229716.0,10.52,10.77,14.13,18.29,13.5,2025-03
TRVI,2025-03-10,6.07,2.29,53.25581395348837,71.86046511627906,57705813.0,4.3,4.55,6.59,7.39,5.7,2025-03
CKPT,2025-03-10,3.98,1.6099999999999999,65.1821862348178,65.18218623481779,61924933.0,2.47,2.52,4.08,4.08,3.96,2025-03
SPRC,2025-03-10,8.4,3.0470999999999995,45.40050062578222,61.13892365456821,5433706.8571,6.7116,7.035,9.7587,10.815,7.4655,2025-03
TSVT,2025-03-11,4.95,2.12,75.71428571428572,76.7857142857143,31485630.0,2.8,2.88,4.92,4.95,4.92,2025-03
TNON,2025-03-11,1.51,0.5700000000000001,45.60000000000001,60.00000000000001,42850998.0,1.25,1.31,1.82,2.0,1.48,2025-03
STI,2025-03-12,8.525,3.045,48.29500396510706,94.13164155432199,11693969.2,6.305,6.5,9.35,12.24,7.84,2025-03
SPGC,2025-03-13,4.2,2.487,76.75925925925927,97.68518518518519,12193133.0667,3.24,4.116,5.727,6.405,3.987,2025-03
RDUS,2025-03-14,27.81,14.684999999999999,107.50366032210835,108.63836017569545,8534952.0,13.66,14.29,28.345,28.5,26.57,2025-03
UOKA,2025-03-14,4.0275,1.4124999999999996,35.158680771624134,51.40012445550715,5597922.28,4.0175,4.04,5.43,6.0825,3.9275,2025-03
LSE,2025-03-19,12.5,3.67,47.23294723294724,92.92020592020593,15044913.0,7.77,7.9393,11.44,14.9899,11.13,2025-03
BDTX,2025-03-19,1.72,0.6799999999999999,40.476190476190474,65.47619047619047,114566834.0,1.68,1.73,2.36,2.78,1.71,2025-03
WINT,2025-03-20,2.18,0.8700000000000001,51.47928994082841,105.91715976331359,121995001.0,1.69,1.89,2.56,3.48,1.94,2025-03
ALUR,2025-03-21,3.58,1.5900000000000003,69.73684210526318,83.33333333333333,74451737.0,2.28,2.4499,3.87,4.18,3.09,2025-03
XHLD,2025-03-24,2.15,1.13,80.71428571428572,87.14285714285717,107862772.0,1.4,1.88,2.53,2.62,1.92,2025-03
TNON,2025-03-25,3.75,3.3318999999999996,340.65024026173194,498.09835395153874,291731057.0,0.9781,1.0,4.31,5.85,3.27,2025-03
DATS,2025-03-25,3.78,1.5499999999999998,71.75925925925924,174.537037037037,143616828.0,2.16,2.2401,3.71,5.93,2.96,2025-03
POAI,2025-03-25,1.69,0.9850000000000001,88.3408071748879,133.18385650224215,153455834.0,1.115,1.1525,2.1,2.6,1.51,2025-03
DM,2025-03-25,4.52,1.5899999999999999,70.04405286343611,100.0,53773657.0,2.27,2.296,3.86,4.54,3.72,2025-03
ALMS,2025-03-25,4.0,1.9250000000000003,50.993377483443716,50.99337748344372,13330933.0,3.775,3.89,5.7,5.7,3.92,2025-03
PTPI,2025-03-26,3.375,2.0549999999999997,142.2145328719723,297.9238754325259,63509234.24,1.445,1.525,3.5,5.75,3.075,2025-03
OSRH,2025-03-26,3.79,2.5501,159.38125,170.62499999999997,96151574.0,1.6,1.85,4.1501,4.33,2.89,2025-03
SURG,2025-03-26,2.35,1.02,73.91304347826087,113.768115942029,69737157.0,1.38,1.47,2.4,2.95,1.9501,2025-03
BLNE,2025-03-26,2.08,1.0900000000000003,57.97872340425534,67.5531914893617,40695439.0,1.88,2.1788,2.97,3.15,1.55,2025-03
GTEC,2025-03-27,2.17,0.9499999999999997,72.51908396946563,96.94656488549617,78574711.0,1.31,1.33,2.26,2.58,1.97,2025-03
DRMA,2025-03-27,14.2,8.5,62.96296296296296,75.55555555555556,7633164.9,13.5,14.6,22.0,23.7,13.5,2025-03
PRTG,2025-03-28,9.6,7.239999999999999,153.71549893842885,180.25477707006368,29921312.0,4.71,4.7583,11.95,13.2,8.7214,2025-03
DBVT,2025-03-28,6.2,2.12,54.21994884910486,73.39897698209717,21798435.0,3.91,4.15,6.03,6.7799,5.3,2025-03
CORT,2025-03-31,114.22,40.300000000000004,73.7689913966685,114.77210323997804,14339351.0,54.63,57.51,94.93,117.33,87.5821,2025-03
GRI,2025-04-01,2.02,6.13,191.5625,247.49999999999997,12187923.0,3.2,4.75,9.33,11.12,2.0,2025-04
NMAX,2025-04-01,233.0,42.47,50.85618488803736,217.32726619566515,11417874.0,83.51,83.51,125.98,265.0,114.22,2025-04
ICCT,2025-04-01,4.72,0.9199999999999999,41.07142857142856,141.96428571428567,209709483.0,2.24,2.37,3.16,5.42,2.91,2025-04
SATX,2025-04-01,1.97,0.78,65.0,67.49999999999999,18226533.0,1.2,1.22,1.98,2.01,1.95,2025-04
QNRX,2025-04-02,10.2375,4.494000000000001,60.68052930056712,98.48771266540643,5962280.7429,7.406,8.316,11.9,14.7,8.6415,2025-04
SBFM,2025-04-02,2.25,1.21,58.17307692307692,87.5,67962503.0,2.08,2.0999,3.29,3.9,2.02,2025-04
PTIX,2025-04-03,5.852,4.3386000000000005,136.5198237885463,172.2435494021397,12873834.3571,3.178,3.5728,7.5166,8.6519,4.8804,2025-04
ATPC,2025-04-03,1.28,0.7601,58.922480620155035,67.44186046511629,35216945.0,1.29,1.3,2.0501,2.16,1.11,2025-04
AREB,2025-04-04,19.5,4.04,102.020202020202,427.5252525252525,83206151.0,3.96,5.27,8.0,20.89,5.41,2025-04
JNVR,2025-04-07,37.7,10.27,256.75,1111.75,25056306.0,4.0,5.1609,14.27,48.47,11.59,2025-04
BJDX,2025-04-07,7.5,4.720000000000001,133.71104815864027,188.95184135977337,59504294.0,3.53,4.5,8.25,10.2,6.94,2025-04
NAOV,2025-04-08,72.0,52.9,179.93197278911566,452.72108843537416,9168181.6,29.4,30.2,82.3,162.5,68.9,2025-04
SXTP,2025-04-08,2.87,0.6716000000000002,37.34430604982207,145.21241103202848,85188432.0,1.7984,1.85,2.47,4.4099,2.35,2025-04
NXU,2025-04-08,2.55,1.48,66.07142857142857,87.5,16501334.0,2.24,2.73,3.72,4.2,2.21,2025-04
GLXG,2025-04-08,0.9493,0.6702000000000001,71.31304532879338,78.76143860395828,71939129.0,0.9398,0.96,1.61,1.68,0.7537,2025-04
VERO,2025-04-09,8.93,7.25,248.2876712328767,396.5753424657534,48158077.0,2.92,3.28,10.17,14.5,7.07,2025-04
PHIO,2025-04-09,1.54,1.1300000000000001,111.88118811881189,170.29702970297032,151485901.0,1.01,1.09,2.14,2.73,1.33,2025-04
STSS,2025-04-10,5.49,3.6899999999999995,87.85714285714285,167.85714285714283,5417128.87,4.2,4.95,7.89,11.25,5.01,2025-04
KTTA,2025-04-10,1.6,0.77,70.64220183486239,114.67889908256876,101512353.0,1.09,1.16,1.86,2.34,1.42,2025-04
PRFX,2025-04-10,2.15,0.99,54.395604395604394,91.75824175824177,74088090.0,1.82,1.8499,2.81,3.49,2.1006,2025-04
WHLR,2025-04-10,15.33,5.879999999999999,35.44303797468354,56.95780590717301,5440277.4286,16.59,17.1493,22.47,26.0393,14.7707,2025-04
MSPR,2025-04-11,2.5,1.95,152.34375,175.78125,87380388.0,1.28,1.3853,3.23,3.53,2.22,2025-04
BON,2025-04-11,1.7675,1.13,74.4645799011532,119.11037891268532,26331213.2,1.5175,1.55,2.6475,3.325,1.625,2025-04
BULL,2025-04-14,62.9,14.39,108.60377358490567,500.45283018867923,36885308.0,13.25,16.69,27.64,79.56,26.02,2025-04
XAGE,2025-04-14,6.12,5.226000000000001,139.80738362760837,149.03691813804173,9930879.2,3.738,4.14,8.964,9.309,5.043,2025-04
MURA,2025-04-15,2.41,1.2699999999999998,123.30097087378637,211.64077669902915,259771623.0,1.03,1.0696,2.3,3.2099,2.21,2025-04
SNYR,2025-04-15,2.2,2.1,117.31843575418995,127.93296089385473,63525279.0,1.79,2.0,3.89,4.08,2.06,2025-04
TGL,2025-04-16,3.81,1.62,77.88461538461539,111.53846153846155,100712902.0,2.08,2.32,3.7,4.4,3.16,2025-04
ICAD,2025-04-16,3.07,1.2449999999999999,64.50777202072538,75.12953367875647,21338814.0,1.93,1.98,3.175,3.38,2.85,2025-04
SBEV,2025-04-16,4.3,1.1700000000000004,41.489361702127674,69.50354609929079,43975669.0,2.82,2.9,3.99,4.78,3.13,2025-04
QURE,2025-04-17,13.0,3.615,38.498402555910545,50.798722044728414,14456116.0,9.39,9.55,13.005,14.16,12.54,2025-04
UPXI,2025-04-21,9.89,7.945,346.1873638344227,858.6056644880175,100378056.0,2.295,2.42,10.24,22.0,9.0201,2025-04
SHFS,2025-04-21,4.19,1.63,73.09417040358744,94.16591928251124,43497128.0,2.23,2.2302,3.86,4.3299,3.53,2025-04
GELS,2025-04-22,2.88,2.94,326.6666666666667,356.66666666666674,89799656.0,0.9,0.9499,3.84,4.11,2.3836,2025-04
TIVC,2025-04-22,7.13,8.07,230.57142857142856,278.0,35371156.0,3.5,3.56,11.57,13.23,6.61,2025-04
WNW,2025-04-22,2.45,0.7899999999999998,63.709677419354826,137.90322580645164,122929254.0,1.24,1.35,2.03,2.95,1.91,2025-04
OBLG,2025-04-22,3.54,1.8199999999999998,85.04672897196261,105.60747663551405,21111063.0,2.14,2.1899,3.96,4.4,2.4,2025-04
ENSC,2025-04-23,3.67,2.3600000000000003,126.20320855614975,159.35828877005343,92054275.0,1.87,1.9,4.23,4.85,3.26,2025-04
AGMH,2025-04-23,2.9,1.835,122.33333333333334,158.0,14677406.34,1.5,1.725,3.335,3.87,2.63,2025-04
SNOA,2025-04-23,3.95,1.7699999999999996,75.96566523605148,80.25751072961373,58903247.0,2.33,2.73,4.1,4.2,3.52,2025-04
CNEY,2025-04-24,3.4775,1.7299999999999995,54.44531864673484,59.32336742722264,6385317.88,3.1775,3.33,4.9075,5.0625,3.35,2025-04
OMEX,2025-04-25,1.51,0.7179000000000001,84.25067480342683,111.24281187654033,285654380.0,0.8521,1.13,1.57,1.8,1.28,2025-04
AGMH,2025-04-25,2.43,1.0599999999999998,54.35897435897436,74.35897435897436,6818239.48,1.95,2.2315,3.01,3.4,2.2,2025-04
RETO,2025-04-25,3.88,1.9469999999999996,54.038301415487076,60.14432417429918,7056614.0,3.603,3.85,5.55,5.77,3.26,2025-04
GLMD,2025-04-28,1.67,0.9200000000000002,58.59872611464969,70.70063694267516,60390556.0,1.57,1.6,2.49,2.68,1.61,2025-04
RGLS,2025-04-30,7.98,4.615,136.94362017804153,143.32344213649847,28566734.0,3.37,3.597,7.985,8.2,7.7,2025-04
JFBR,2025-04-30,25.33,14.620000000000001,101.17647058823532,111.76470588235294,5474060.7059,14.45,16.966,29.07,30.6,19.89,2025-04
IVF,2025-04-30,7.17,1.71,35.40372670807454,98.75776397515527,27529227.0,4.83,5.01,6.54,9.6,6.5103,2025-04
KIDZ,2025-05-01,5.36,1.2600000000000002,109.56521739130439,372.17391304347825,262873244.0,1.15,1.2,2.41,5.43,2.13,2025-05
ZCAR,2025-05-01,10.3,6.469999999999999,158.96805896805893,342.26044226044223,47595534.0,4.07,4.24,10.54,18.0,9.6,2025-05
FRGT,2025-05-02,8.32,8.5808,217.8310316815597,254.37652315190903,40991316.75,3.9392,4.8364,12.52,13.9596,7.72,2025-05
KIDZ,2025-05-02,7.18,2.794999999999999,52.14552238805968,98.69402985074626,112863552.0,5.36,5.43,8.155,10.65,6.07,2025-05
CNEY,2025-05-02,4.125,1.5875000000000004,44.78138222849085,50.21156558533146,6200203.88,3.545,3.6675,5.1325,5.325,3.7775,2025-05
GPUS,2025-05-05,7.75,1.7999999999999998,131.3868613138686,562.7737226277371,298219477.0,1.37,1.44,3.17,9.08,2.9401,2025-05
FOXO,2025-05-06,3.2039,2.7739,219.142044556802,274.16653499763,100231482.4121,1.2658,1.4332,4.0397,4.7362,2.7064,2025-05
KTTA,2025-05-06,1.52,0.79,55.633802816901415,166.90140845070425,225928787.0,1.42,1.455,2.21,3.79,1.45,2025-05
AIFU,2025-05-06,4.498,2.2319999999999998,90.36437246963561,126.72064777327931,20547642.95,2.47,2.944,4.702,5.6,4.0,2025-05
NCEW,2025-05-07,1.65,0.9300000000000002,41.70403587443947,78.02690582959642,46905782.0,2.23,2.2584,3.16,3.97,1.5,2025-05
CNEY,2025-05-07,4.8325,2.5324999999999998,62.53086419753085,62.53086419753087,9550848.72,4.05,4.205,6.5825,6.5825,4.3025,2025-05
ASST,2025-05-08,7.69,2.1599999999999997,63.71681415929202,159.58702064896758,241941265.0,3.39,3.41,5.55,8.8,5.0,2025-05
STI,2025-05-08,7.88,2.535,53.8788522848034,82.99681190223166,8513044.32,4.705,5.34,7.24,8.61,5.31,2025-05
WGRX,2025-05-08,3.0,2.2799999999999994,52.77777777777776,62.962962962962955,12585552.0,4.32,4.6232,6.6,7.04,2.84,2025-05
SYTA,2025-05-09,1.67,0.6703999999999999,68.4360963658636,104.1649652919559,142969110.0,0.9796,1.0089,1.65,2.0,1.41,2025-05
ZKIN,2025-05-09,3.99,1.6199999999999997,64.28571428571426,77.38095238095238,47048543.0,2.52,2.63,4.14,4.47,3.04,2025-05
SHPH,2025-05-09,5.8125,4.324999999999999,64.07407407407406,66.66666666666667,7434638.56,6.75,6.885,11.075,11.25,5.26,2025-05
KDLY,2025-05-12,13.69,24.615000000000002,631.1538461538462,706.4102564102564,65933973.0,3.9,4.15,28.515,31.45,13.24,2025-05
YHC,2025-05-12,2.19,1.86,93.46733668341709,286.9346733668342,60880008.0,1.99,2.25,3.85,7.7,1.85,2025-05
CTMX,2025-05-12,2.13,0.9715999999999999,104.65316673847478,134.81258078414479,114154461.0,0.9284,1.3,1.9,2.18,1.65,2025-05
NXTT,2025-05-12,3.27,1.6599999999999997,70.33898305084745,103.38983050847457,103212571.0,2.36,2.83,4.02,4.8,2.45,2025-05
GDC,2025-05-12,2.51,1.1749999999999998,53.40909090909089,79.54545454545455,12732109.0,2.2,2.39,3.375,3.95,2.01,2025-05
HCWB,2025-05-13,10.05,9.79,187.9078694817658,241.64875239923225,37607804.0,5.21,6.4504,15.0,17.7999,8.22,2025-05
LOBO,2025-05-13,1.23,1.2202,160.55263157894737,217.10526315789474,88520917.0,0.76,0.8401,1.9802,2.41,1.11,2025-05
CNSP,2025-05-13,16.32,14.760000000000002,101.65289256198349,139.66115702479337,7633282.5,14.52,16.56,29.28,34.7988,15.6,2025-05
LSEA,2025-05-13,11.27,4.215000000000001,60.08553100498932,60.65573770491803,24383118.0,7.015,7.2,11.23,11.27,11.21,2025-05
SEPN,2025-05-14,10.16,4.09,60.77265973254086,68.79643387815749,37815761.0,6.73,7.15,10.82,11.36,8.51,2025-05
LUCY,2025-05-14,2.9,1.02,51.515151515151516,63.63636363636365,38409978.0,1.98,2.01,3.0,3.24,2.37,2025-05
QNRX,2025-05-14,7.65,2.4699999999999998,38.836477987421375,51.415094339622634,9732471.0,6.36,6.3777,8.83,9.63,6.5528,2025-05
BLUE,2025-05-14,4.98,1.6599999999999997,50.15105740181268,50.755287009063444,9429448.0,3.31,3.34,4.97,4.99,4.95,2025-05
AYTU,2025-05-15,2.59,0.5899999999999999,43.70370370370369,100.0,63093404.0,1.35,1.4,1.94,2.7,1.6701,2025-05
FL,2025-05-15,23.9,10.730000000000002,83.3721833721834,86.16938616938619,83206173.0,12.87,13.24,23.6,23.96,23.405,2025-05
INZY,2025-05-16,3.95,2.5300000000000002,178.16901408450707,178.87323943661974,49878783.0,1.42,1.61,3.95,3.96,3.94,2025-05
CAPS,2025-05-16,2.45,1.0999999999999999,66.26506024096385,98.19277108433737,21665221.0,1.66,1.92,2.76,3.29,2.16,2025-05
TSSI,2025-05-16,15.44,4.130000000000001,46.56144306651636,84.89289740698986,29157873.0,8.87,9.21,13.0,16.4,12.4401,2025-05
AMST,2025-05-16,3.36,1.6098999999999997,71.8705357142857,81.69642857142856,64876125.0,2.24,2.47,3.8499,4.07,3.0201,2025-05
BON,2025-05-16,1.595,0.7424999999999999,57.00575815738963,62.188099808061416,12013808.52,1.3025,1.4675,2.045,2.1125,1.3725,2025-05
PTIX,2025-05-19,11.1,5.24,172.93729372937295,371.28712871287127,97394284.0,3.03,3.299,8.27,14.28,6.32,2025-05
NRXS,2025-05-20,3.99,3.3000000000000003,145.37444933920708,173.12775330396474,90735014.0,2.27,2.4446,5.57,6.2,3.49,2025-05
SYTA,2025-05-20,8.19,2.1799999999999997,53.56265356265355,107.37100737100734,128667790.0,4.07,4.2,6.25,8.44,5.62,2025-05
EYEN,2025-05-20,1.67,0.6500000000000001,57.52212389380532,59.29203539823011,49961376.0,1.13,1.1942,1.78,1.8,1.55,2025-05
QIPT,2025-05-20,2.14,0.5049999999999999,36.20071684587813,59.139784946236574,29806902.0,1.395,1.42,1.9,2.22,1.89,2025-05
SGMA,2025-05-21,2.97,1.6400000000000001,127.13178294573643,131.78294573643413,19031530.0,1.29,1.32,2.93,2.99,2.93,2025-05
VIGL,2025-05-22,7.88,5.5600000000000005,240.6926406926407,244.15584415584414,35553456.0,2.31,2.45,7.87,7.95,7.87,2025-05
NVTS,2025-05-22,5.05,2.995,156.8062827225131,174.869109947644,276487829.0,1.91,2.0599,4.905,5.25,4.03,2025-05
XAGE,2025-05-22,3.45,1.7899999999999996,58.496732026143775,61.76470588235294,21679852.0,3.06,3.63,4.85,4.95,3.4,2025-05
IMNN,2025-05-23,15.1305,11.145,205.64627733185716,234.54193191253805,31707771.7867,5.4195,7.695,16.5645,18.1305,12.6525,2025-05
SBET,2025-05-27,35.83,27.21,404.91071428571433,695.3869047619048,54492807.0,6.72,6.91,33.93,53.45,28.5,2025-05
SGN,2025-05-28,2.19,2.34,281.9277108433735,414.4457831325301,163865169.0,0.83,1.16,3.17,4.2699,2.01,2025-05
LVWR,2025-05-28,3.97,1.1400000000000001,44.53125000000001,82.421875,70492057.0,2.56,2.6,3.7,4.67,3.05,2025-05
ALZN,2025-05-29,5.44,4.4399999999999995,133.73493975903614,147.59036144578315,77823813.0,3.32,3.52,7.76,8.22,5.21,2025-05
HCTI,2025-05-29,2.2659,1.5189,105.17241379310344,120.6896551724138,10269139.1245,1.4442,1.494,2.9631,3.1872,1.8675,2025-05
ZEO,2025-05-29,3.43,1.27,80.37974683544303,119.62025316455697,104813214.0,1.58,1.58,2.85,3.47,2.63,2025-05
WETO,2025-05-29,3.31,1.9100000000000001,97.44897959183675,116.83673469387755,27805945.0,1.96,2.0,3.87,4.25,2.27,2025-05
GITS,2025-05-30,2.41,2.0700000000000003,217.89473684210532,228.4105263157895,55931287.0,0.95,0.9999,3.02,3.1199,1.9,2025-05
BLRX,2025-05-30,5.25,2.0791,54.84449602996649,104.96188240259569,36539061.0,3.7909,3.99,5.87,7.7699,4.9,2025-05
BSLK,2025-05-30,3.38,1.3599999999999999,75.13812154696132,96.13259668508285,29989587.0,1.81,2.29,3.17,3.55,2.78,2025-05
LYRA,2025-06-02,20.25,24.080000000000002,488.43813387423944,660.6490872210954,26856817.0,4.93,5.3423,29.01,37.5,8.65,2025-06
INM,2025-06-02,3.42,3.0599999999999996,122.89156626506022,220.48192771084337,74520155.0,2.49,2.88,5.55,7.98,3.35,2025-06
OGEN,2025-06-02,5.01,4.5,125.0,166.66666666666666,9059057.9,3.6,4.11,8.1,9.6,4.887,2025-06
IRD,2025-06-02,1.09,0.6954999999999999,69.9346405228758,75.96782302664656,40267546.0,0.9945,1.0379,1.69,1.75,1.05,2025-06
VERA,2025-06-02,31.74,12.79,67.4934036939314,73.24538258575197,13253867.0,18.95,19.855,31.74,32.83,28.9,2025-06
MCTR,2025-06-03,32.9,2.2201000000000004,45.30908794057022,587.5650523480072,44195677.0,4.8999,5.0,7.12,33.69,6.94,2025-06
TRAW,2025-06-03,1.87,1.1099999999999999,78.16901408450704,81.69014084507045,62770662.0,1.42,1.45,2.53,2.58,1.81,2025-06
KWM,2025-06-04,4.48,2.84,147.91666666666669,236.97395833333331,116715175.0,1.92,2.07,4.76,6.4699,3.68,2025-06
CLRB,2025-06-04,13.851,4.446,53.38616714697406,147.2946685878963,20870200.5333,8.328,8.763,12.774,20.5947,11.7,2025-06
STSS,2025-06-04,6.31,2.115,56.55080213903744,88.23529411764706,49530409.0,3.74,3.745,5.855,7.04,5.18,2025-06
BAOS,2025-06-04,3.66,1.9699999999999998,83.1223628691983,85.2320675105485,36194951.0,2.37,2.47,4.34,4.39,3.24,2025-06
SCNI,2025-06-05,3.25,3.4899999999999998,138.4920634920635,145.2380952380952,20514688.0,2.52,2.625,6.01,6.18,2.6,2025-06
ZENA,2025-06-05,4.45,1.5500000000000003,48.74213836477988,117.61006289308176,136896984.0,3.18,3.19,4.73,6.92,4.15,2025-06
WBUY,2025-06-06,7.1,2.67,58.04347826086956,116.08478260869566,37721353.0,4.6,4.86,7.27,9.9399,6.35,2025-06
EYEN,2025-06-06,4.88,1.15,36.624203821656046,87.26114649681527,39079324.0,3.14,3.3,4.29,5.88,3.53,2025-06
VERO,2025-06-06,3.18,1.5,62.76150627615063,77.82426778242677,61290366.0,2.39,2.42,3.89,4.25,2.54,2025-06
KNW,2025-06-09,3.04,1.8599999999999999,119.23076923076923,151.27564102564102,118899554.0,1.56,1.67,3.42,3.9199,2.5501,2025-06
KLTO,2025-06-10,2.01,1.1500000000000001,63.1868131868132,114.82967032967034,340916473.0,1.82,1.84,2.97,3.9099,1.725,2025-06
EVGN,2025-06-10,2.26,0.9500000000000002,84.07079646017701,114.15929203539825,102596516.0,1.13,1.14,2.08,2.42,1.76,2025-06
MEGL,2025-06-10,2.05,0.8589000000000002,67.04394660838344,74.06915931621265,57403427.0,1.2811,1.3,2.14,2.23,1.79,2025-06
VTAK,2025-06-11,11.4019,9.2283,214.5318021201414,264.52715268737217,36084375.0,4.3016,4.5942,13.5299,15.6805,10.6628,2025-06
KZIA,2025-06-11,9.54,5.2447,99.79829886019827,144.70344223926318,49671825.0,5.2553,5.5,10.5,12.8599,8.7,2025-06
TRNR,2025-06-11,9.2,3.851000000000001,47.84445272704686,56.54118524040255,5319036.4,8.049,8.453,11.9,12.6,8.4,2025-06
HCTI,2025-06-12,7.47,5.976,260.8695652173913,371.7391304347826,23083496.4096,2.2908,2.5647,8.2668,10.8066,7.0218,2025-06
GNLN,2025-06-12,11.55,5.549999999999999,96.10389610389608,119.48051948051948,5472467.3213,5.775,6.375,11.325,12.675,8.25,2025-06
SOAR,2025-06-12,2.16,1.205,55.5299539170507,69.12442396313365,64861643.0,2.17,2.32,3.375,3.67,2.05,2025-06
RBNE,2025-06-13,14.0,8.3,247.76119402985074,514.0268656716418,101812847.0,3.35,3.6,11.65,20.5699,10.8001,2025-06
HUSA,2025-06-13,15.65,5.72,80.11204481792717,176.47058823529412,28872957.0,7.14,9.2,12.86,19.74,12.74,2025-06
USEG,2025-06-13,2.21,1.13,79.57746478873239,93.66197183098592,106880889.0,1.42,1.5193,2.55,2.75,2.1,2025-06
ICON,2025-06-13,2.92,1.0899999999999999,60.89385474860334,83.79329608938546,59053484.0,1.79,1.87,2.88,3.2899,2.56,2025-06
SRM,2025-06-16,9.19,4.069999999999999,280.6896551724138,647.5793103448276,251394135.0,1.45,1.48,5.52,10.8399,4.3,2025-06
RGC,2025-06-16,60.0,10.539499999999999,67.29989463937932,433.8271447271798,5288933.0,15.6605,16.5237,26.2,83.6,26.2,2025-06
DWSN,2025-06-16,2.9,4.13,301.45985401459853,304.37956204379554,53406690.0,1.37,1.3885,5.5,5.54,2.4101,2025-06
SONM,2025-06-16,1.68,0.6002000000000001,64.55151645515166,130.15702301570232,113348717.0,0.9298,1.12,1.53,2.14,1.3,2025-06
BATL,2025-06-16,2.74,1.28,78.04878048780488,123.77439024390245,45330531.0,1.64,1.8799,2.92,3.6699,2.03,2025-06
STAK,2025-06-16,2.31,1.7900000000000003,91.79487179487181,103.58974358974362,24592489.0,1.95,2.1236,3.74,3.97,2.13,2025-06
SATS,2025-06-16,25.11,7.43,44.12114014251781,50.17755344418051,15844856.0,16.84,18.0,24.27,25.2899,23.87,2025-06
CERO,2025-06-17,19.83,3.5519999999999996,51.71811298776936,292.98194525334884,57440902.0,6.868,7.49,10.42,26.99,10.35,2025-06
ACXP,2025-06-17,16.414,12.154,197.88342559426894,241.90817323347443,17208135.9,6.142,6.4,18.296,21.0,12.67,2025-06
VERV,2025-06-17,11.38,4.765000000000001,75.99681020733654,81.89792663476874,83439303.0,6.27,6.4096,11.035,11.405,10.85,2025-06
APVO,2025-06-18,5.13,3.3400000000000003,118.43971631205676,364.8900709219858,124472376.0,2.82,3.8,6.16,13.1099,4.8,2025-06
KWE,2025-06-18,11.21,3.9299999999999997,68.22916666666666,166.84027777777777,37359935.0,5.76,6.36,9.69,15.37,9.21,2025-06
LSE,2025-06-18,7.47,3.95,71.17117117117118,76.2144144144144,16859568.0,5.55,6.5,9.5,9.7799,6.5812,2025-06
LGHL,2025-06-18,3.33,1.73,62.23021582733813,74.09712230215828,33692400.0,2.78,2.92,4.51,4.8399,2.76,2025-06
RELI,2025-06-18,2.92,0.96,44.23963133640553,63.59447004608294,49928518.0,2.17,2.32,3.13,3.55,2.67,2025-06
WHLR,2025-06-20,7.2,4.16,121.63742690058481,193.85964912280707,52350711.0,3.42,3.74,7.58,10.05,6.16,2025-06
INDP,2025-06-23,14.0,7.994000000000001,105.70159200296187,163.30988522769343,13048566.6071,7.5628,9.52,15.5568,19.9136,13.2328,2025-06
CDTX,2025-06-23,44.95,19.610000000000003,93.2921027592769,115.93720266412939,6741757.0,21.02,21.53,40.63,45.39,37.76,2025-06
HUSA,2025-06-23,18.54,6.469999999999999,43.71621621621621,72.70202702702701,12760731.0,14.8,15.9999,21.27,25.5599,17.29,2025-06
INDO,2025-06-23,4.87,1.54,30.434782608695656,57.11462450592888,53507352.0,5.06,5.07,6.6,7.95,4.7,2025-06
SPTN,2025-06-23,26.57,8.675,49.178004535147394,51.07709750566891,9138878.0,17.64,18.17,26.315,26.65,26.26,2025-06
NKTR,2025-06-24,24.45,10.380000000000003,108.80503144654092,190.14675052410905,37172732.0,9.54,9.75,19.92,27.68,16.56,2025-06
NA,2025-06-24,14.85,18.03,165.56473829201101,189.07254361799818,17859313.0,10.89,11.7,28.92,31.48,14.5,2025-06
INM,2025-06-24,3.87,1.7599999999999998,71.83673469387753,124.48979591836734,109978256.0,2.45,2.48,4.21,5.5,3.36,2025-06
GCTK,2025-06-25,7.84,8.535,137.43961352657007,156.0386473429952,24137179.0,6.21,6.61,14.745,15.9,7.77,2025-06
ULY,2025-06-25,8.19,3.5592000000000006,79.25536652712213,109.75995368308543,24217654.0,4.4908,4.72,8.05,9.4199,6.7,2025-06
CYN,2025-06-26,13.6,11.389999999999999,227.3453093812375,729.1417165668664,140839275.0,5.01,5.01,16.4,41.54,11.33,2025-06
ASTI,2025-06-26,2.84,1.705,146.3519313304721,218.45493562231758,112814148.0,1.165,1.6,2.87,3.71,2.1,2025-06
LCFY,2025-06-27,8.3,7.260000000000001,284.7058823529412,448.23529411764713,96031330.0,2.55,2.775,9.81,13.98,6.9,2025-06
BMNR,2025-06-30,33.9,10.735,251.69988276670577,705.6271981242674,110196702.0,4.265,4.57,15.0,34.36,12.38,2025-06
ARTL,2025-06-30,13.27,13.71,201.9145802650957,276.7304860088365,27022818.0,6.79,7.1799,20.5,25.58,12.6,2025-06
IPDN,2025-06-30,3.38,1.7200000000000002,98.28571428571429,182.2857142857143,55197078.0,1.75,1.75,3.47,4.94,3.05,2025-06
WBUY,2025-06-30,7.73,3.1499999999999995,55.950266429840134,73.71225577264653,44486678.0,5.63,6.09,8.78,9.78,5.2901,2025-06
BGLC,2025-07-01,11.14,7.074999999999999,230.45602605863192,408.1433224755701,51022796.0,3.07,3.3307,10.145,15.6,8.83,2025-07
CLRO,2025-07-01,10.48,6.75,117.3913043478261,168.17391304347825,38800047.0,5.75,6.025,12.5,15.42,9.31,2025-07
BMNR,2025-07-01,46.0,18.1,53.39233038348083,120.64896755162242,47104915.0,33.9,34.36,52.0,74.8,41.2201,2025-07
WETO,2025-07-01,2.05,1.94,86.99551569506725,87.44394618834079,43380708.0,2.23,2.6163,4.17,4.18,1.89,2025-07
GPUS,2025-07-01,1.42,0.6200000000000001,44.28571428571429,59.2857142857143,115714489.0,1.4,1.4,2.02,2.23,1.37,2025-07
MOGO,2025-07-02,2.57,2.27,187.60330578512395,216.52892561983475,267085045.0,1.21,1.28,3.48,3.83,2.32,2025-07
DAIC,2025-07-02,8.19,4.009999999999999,86.98481561822122,210.19522776572668,44685675.0,4.61,5.14,8.62,14.3,7.81,2025-07
ELWS,2025-07-02,3.17,0.9550000000000001,50.26315789473684,74.21052631578948,59289234.0,1.9,1.94,2.855,3.31,2.54,2025-07
GITS,2025-07-03,3.84,2.49,152.76073619631904,200.61349693251537,46215077.0,1.63,1.63,4.12,4.9,3.35,2025-07
LRHC,2025-07-03,12.0,11.448,178.65168539325842,191.1360799001248,8107069.5,6.408,7.408,17.856,18.656,10.128,2025-07
MBIO,2025-07-07,3.34,2.37,199.15966386554624,488.2352941176471,278739673.0,1.19,1.29,3.56,7.0,3.23,2025-07
LGPS,2025-07-07,1.7,1.1800000000000002,140.4761904761905,158.33333333333334,71917000.0,0.84,0.87,2.02,2.17,1.26,2025-07
ARTL,2025-07-07,14.32,11.509999999999998,114.52736318407956,134.02985074626864,7190648.0,10.05,11.01,21.56,23.52,13.31,2025-07
SONN,2025-07-07,4.73,1.8200000000000003,46.42857142857144,53.06122448979591,30187877.0,3.92,4.14,5.74,6.0,4.54,2025-07
NDRA,2025-07-08,8.3,7.1434,206.65972342764567,246.0047445466644,90809585.0,3.4566,3.59,10.6,11.96,7.0,2025-07
SQNS,2025-07-08,2.06,0.5650000000000002,39.51048951048952,87.41258741258744,88908988.0,1.43,1.46,1.995,2.68,1.72,2025-07
CLDI,2025-07-09,8.4,6.711600000000001,166.95522388059706,377.61194029850753,51730605.4167,4.02,4.08,10.7316,19.2,7.68,2025-07
SUGP,2025-07-09,12.2,4.752,105.71746384872078,309.34371523915456,21356271.3,4.495,4.7,9.247,18.4,8.8211,2025-07
EVOK,2025-07-09,6.99,5.84,219.5488721804511,271.42857142857144,140156033.0,2.66,2.8239,8.5,9.88,6.12,2025-07
BMGL,2025-07-09,3.62,1.2899999999999998,70.87912087912088,104.94505494505492,85820901.0,1.82,1.9163,3.11,3.73,2.63,2025-07
SCAG,2025-07-09,6.58,3.6499999999999995,86.90476190476188,94.52142857142856,9542114.0,4.2,4.2,7.85,8.1699,5.42,2025-07
KZIA,2025-07-09,9.53,2.9750000000000005,43.5897435897436,58.09523809523809,10698233.0,6.825,7.17,9.8,10.79,7.8,2025-07
SOBR,2025-07-09,4.74,1.4699999999999998,43.62017804154302,56.973293768545986,25941067.0,3.37,3.49,4.84,5.29,4.1023,2025-07
BTCM,2025-07-10,6.25,4.56,185.36585365853657,228.0447154471545,160235117.0,2.46,2.59,7.02,8.0699,4.79,2025-07
SAFX,2025-07-10,1.95,2.05,136.66666666666666,139.33333333333331,117144870.0,1.5,1.62,3.55,3.59,1.8807,2025-07
STKH,2025-07-10,3.0,0.8500000000000001,48.57142857142858,105.14285714285711,55215599.0,1.75,1.7799,2.6,3.59,2.33,2025-07
MP,2025-07-10,45.23,18.07,60.17316017316017,60.22311022311022,86416225.0,30.03,31.6692,48.1,48.115,42.86,2025-07
INKT,2025-07-11,64.17,13.34,172.5743855109961,883.1824062095731,47857735.0,7.73,7.8035,21.07,76.0,20.2,2025-07
ABVE,2025-07-11,3.63,1.95,125.80645161290323,183.8709677419355,287354135.0,1.55,2.12,3.5,4.4,2.68,2025-07
SGN,2025-07-11,2.38,1.8900000000000001,153.65853658536585,167.47967479674796,110879684.0,1.23,1.75,3.12,3.29,2.2,2025-07
FTFT,2025-07-11,3.94,0.8200000000000001,54.3046357615894,166.88741721854305,96588146.0,1.51,1.58,2.33,4.03,2.1798,2025-07
CVM,2025-07-11,3.53,2.44,63.87434554973822,85.60209424083769,27062031.0,3.82,3.87,6.26,7.09,3.4,2025-07
ZBAI,2025-07-11,9.72,3.7403999999999993,53.14578005115088,67.21227621483375,6712383.0556,7.038,7.9182,10.7784,11.7684,7.956,2025-07
HOLO,2025-07-11,6.91,3.6100000000000003,59.7682119205298,65.39735099337749,52506130.0,6.04,6.1,9.65,9.99,6.3101,2025-07
SQFT,2025-07-14,13.6,5.79,113.30724070450098,350.0978473581213,51280254.0,5.11,5.3,10.9,23.0,9.22,2025-07
SONN,2025-07-14,9.64,9.86,190.71566731141198,273.3075435203095,44615724.0,5.17,5.67,15.03,19.3,7.78,2025-07
DARE,2025-07-14,3.09,5.395,214.5129224652087,265.40755467196817,71446955.0,2.515,2.7393,7.91,9.19,3.02,2025-07
MGRM,2025-07-14,5.87,2.24,68.08510638297874,82.97872340425529,14351950.0,3.29,3.3357,5.53,6.02,5.17,2025-07
XAGE,2025-07-15,5.7,3.845,145.3686200378072,212.66540642722114,104318749.0,2.645,2.7,6.49,8.27,4.97,2025-07
NUWE,2025-07-16,15.95,12.004999999999999,174.11167512690355,276.3596809282089,40080555.0,6.895,7.56,18.9,25.95,14.52,2025-07
GTI,2025-07-16,6.24,3.846000000000001,87.80821917808221,89.04109589041096,7539608.75,4.38,4.44,8.226,8.28,5.808,2025-07
QLGN,2025-07-16,3.93,1.9,53.82436260623229,88.95184135977338,48109117.0,3.53,3.55,5.43,6.67,3.83,2025-07
GAME,2025-07-16,2.31,0.675,44.70198675496689,86.75496688741721,99499324.0,1.51,1.65,2.185,2.82,2.05,2025-07
VLCN,2025-07-17,21.61,31.502699999999997,341.5185976171633,377.9766486345848,30489270.0,9.2243,9.38,40.727,44.09,20.83,2025-07
XXII,2025-07-17,4.9,3.08,67.24890829694323,106.76855895196509,25667376.0,4.58,4.72,7.66,9.47,4.51,2025-07
BSLK,2025-07-17,3.03,2.0,90.49773755656109,96.38009049773754,72524008.0,2.21,2.2881,4.21,4.34,2.95,2025-07
TELO,2025-07-18,2.28,1.8450000000000002,152.4793388429752,156.19834710743805,137205810.0,1.21,1.22,3.055,3.1,2.04,2025-07
MEIP,2025-07-18,5.92,4.48,99.55555555555556,100.0,41286932.0,4.5,4.5,8.98,9.0,5.22,2025-07
BZAI,2025-07-18,4.81,2.28,75.24752475247524,79.53795379537955,73519679.0,3.03,3.2,5.31,5.44,4.13,2025-07
ZIMV,2025-07-21,18.76,10.315,122.21563981042654,122.80805687203791,10654397.0,8.44,8.81,18.755,18.805,18.72,2025-07
GCTK,2025-07-21,7.97,3.880000000000001,66.5523156089194,67.23842195540308,18636584.0,5.83,6.28,9.71,9.75,7.73,2025-07
HSDT,2025-07-21,9.58,4.91,55.168539325842694,62.35955056179774,18068208.0,8.9,9.57,13.81,14.45,9.21,2025-07
HTOO,2025-07-22,6.71,5.53,129.20560747663552,195.09345794392522,30119548.0,4.28,4.5152,9.81,12.63,6.44,2025-07
KSS,2025-07-22,14.34,9.33,89.53934740882917,105.27831094049907,209344034.0,10.42,10.42,19.75,21.39,12.3744,2025-07
IVF,2025-07-22,3.46,1.1100000000000003,43.5294117647059,66.2745098039216,52397644.0,2.55,2.8,3.66,4.24,3.02,2025-07
ABVX,2025-07-23,68.6,53.1,531.0,613.5,27831874.0,10.0,10.7301,63.1,71.35,62.5,2025-07
PAPL,2025-07-23,5.95,4.970000000000001,142.00000000000003,172.28285714285713,25704477.0,3.5,5.03,8.47,9.5299,4.91,2025-07
AMOD,2025-07-23,1.85,0.8200000000000001,70.68965517241381,124.13793103448279,139267349.0,1.16,1.26,1.98,2.6,1.61,2025-07
ANEB,2025-07-23,3.33,1.4100000000000001,77.04918032786885,86.88524590163934,20095412.0,1.83,1.96,3.24,3.42,3.07,2025-07
GPRO,2025-07-23,1.54,0.9449999999999998,68.97810218978101,72.99270072992701,252827730.0,1.37,1.442,2.315,2.37,1.46,2025-07
LIDR,2025-07-24,2.92,2.9000000000000004,256.63716814159295,324.77876106194697,362801555.0,1.13,1.15,4.03,4.8,2.6707,2025-07
MCVT,2025-07-25,5.9,0.9699999999999998,52.43243243243242,258.9189189189189,116360640.0,1.85,1.86,2.82,6.64,2.44,2025-07
VAPE,2025-07-28,57.585,43.115,485.80281690140845,833.8591549295775,14360517.0,8.875,9.39,51.99,82.88,46.1,2025-07
VWAV,2025-07-28,11.0,1.7499999999999996,74.46808510638296,435.74468085106383,254749756.0,2.35,2.45,4.1,12.59,3.28,2025-07
CELC,2025-07-28,36.79,32.19,233.76906318082789,237.10965867828614,27636771.0,13.77,14.4799,45.96,46.42,35.0,2025-07
GTI,2025-07-28,8.58,3.4530000000000003,58.131313131313135,66.45454545454544,5561488.45,5.94,6.3,9.393,9.8874,6.852,2025-07
SLRX,2025-07-29,14.994,12.283499999999998,110.49790851437051,211.69882606935633,6782591.5333,11.1165,12.0,23.4,34.65,14.55,2025-07
CLDI,2025-07-29,7.5804,4.2048000000000005,63.75545851528385,65.57496360989809,14904375.8333,6.5952,7.7988,10.8,10.92,7.2204,2025-07
REPL,2025-07-30,7.55,2.665,71.06666666666666,115.20000000000002,202083397.0,3.75,3.99,6.415,8.07,5.71,2025-07
BGLC,2025-07-30,7.18,3.2,71.74887892376682,101.34529147982066,58855110.0,4.46,4.595,7.66,8.98,5.9,2025-07
SNGX,2025-07-31,2.93,0.6399999999999999,51.19999999999999,330.40000000000003,376409042.0,1.25,1.305,1.89,5.38,1.66,2025-07
PHLT,2025-08-01,7.64,3.95,111.26760563380283,118.02816901408453,16803237.0,3.55,3.57,7.5,7.74,7.5,2025-08
MWYN,2025-08-01,1.38,0.82,91.1111111111111,94.44444444444444,97433343.0,0.9,1.015,1.72,1.75,1.16,2025-08
VERB,2025-08-04,20.42,5.700000000000001,59.936908517350176,213.03890641430075,34947714.0,9.51,10.57,15.21,29.77,13.65,2025-08
COMM,2025-08-04,14.51,6.04,77.53530166880617,94.48010269576382,75863941.0,7.79,7.935,13.83,15.15,12.89,2025-08
SCS,2025-08-04,16.58,4.52,44.40078585461689,68.27111984282908,20811621.0,10.18,10.35,14.7,17.13,14.62,2025-08
SNGX,2025-08-04,3.11,1.4399999999999995,52.55474452554743,57.84671532846715,49145203.0,2.74,2.91,4.18,4.325,3.01,2025-08
SMXT,2025-08-05,1.66,0.67,72.04301075268818,168.81720430107526,323673679.0,0.93,0.97,1.6,2.5,1.55,2025-08
YMAB,2025-08-05,8.52,4.345,103.69928400954653,103.81861575178992,20034668.0,4.19,4.535,8.535,8.54,8.495,2025-08
AIP,2025-08-05,13.0,4.83,51.11111111111112,51.21693121693123,21920225.0,9.45,9.49,14.28,14.29,12.3,2025-08
LPSN,2025-08-06,1.18,0.5122999999999999,57.71093838008334,62.216965190942865,110390870.0,0.8877,0.8924,1.4,1.44,1.0801,2025-08
AVAH,2025-08-07,5.81,1.4300000000000002,36.760925449871465,59.383033419023135,14408713.0,3.89,3.965,5.32,6.2,5.22,2025-08
MRM,2025-08-08,2.76,0.8299999999999998,69.16666666666666,194.15833333333333,118652468.0,1.2,1.28,2.03,3.5299,1.65,2025-08
ENTO,2025-08-11,1.8222,0.5838000000000001,53.32967936420938,113.75719375171278,100670740.6667,1.0947,1.2114,1.6785,2.34,1.527,2025-08
IMXI,2025-08-11,14.9,5.9350000000000005,63.954741379310356,64.54741379310344,10209578.0,9.28,9.405,15.215,15.27,14.89,2025-08
ATNF,2025-08-12,10.24,2.6400000000000006,79.0419161676647,281.43712574850304,225466046.0,3.34,3.4,5.98,12.74,4.88,2025-08
WOW,2025-08-12,5.04,1.6749999999999998,49.556213017751475,50.591715976331365,44698517.0,3.38,3.6496,5.055,5.09,5.02,2025-08
BSLK,2025-08-13,14.32,1.31,60.09174311926605,705.0458715596329,264180058.0,2.18,2.2,3.49,17.55,3.21,2025-08
MNTS,2025-08-13,1.91,0.7799999999999998,70.27027027027025,119.8198198198198,323489583.0,1.11,1.13,1.89,2.44,1.5,2025-08
WBTN,2025-08-13,16.96,3.3900000000000006,36.21794871794873,97.11538461538463,15143810.0,9.36,9.415,12.75,18.45,12.725,2025-08
XPON,2025-08-14,2.02,2.35,179.38931297709922,319.8473282442748,390916406.0,1.31,1.34,3.66,5.5,1.93,2025-08
TRIB,2025-08-14,1.91,1.1597,114.78768682569533,240.49292289418983,208513130.0,1.0103,1.19,2.17,3.44,1.54,2025-08
SNOA,2025-08-14,5.27,2.578,84.46920052424639,126.73328964613368,69901059.0,3.052,3.1345,5.63,6.9199,4.8301,2025-08
BMRA,2025-08-14,3.51,1.1700000000000004,38.61386138613862,51.81518151815181,39637736.0,3.03,3.13,4.2,4.6,3.41,2025-08
PGEN,2025-08-15,2.94,0.75,40.54054054054054,88.64324324324325,173718338.0,1.85,1.95,2.6,3.4899,2.51,2025-08
PPSI,2025-08-15,4.35,1.73,55.62700964630225,83.27652733118973,97126805.0,3.11,3.25,4.84,5.6999,4.1,2025-08
TIVC,2025-08-15,3.79,1.5899999999999999,45.42857142857142,59.999999999999986,41387868.0,3.5,3.7,5.09,5.6,3.51,2025-08
SNGX,2025-08-18,4.96,1.02,36.69064748201439,124.0971223021583,184362760.0,2.78,2.8677,3.8,6.2299,3.5705,2025-08
VTAK,2025-08-18,4.25,1.4499999999999997,55.55555555555555,65.13409961685824,59900049.0,2.61,2.8811,4.06,4.31,3.41,2025-08
PRFX,2025-08-19,2.37,1.7699999999999998,132.08955223880594,167.910447761194,165230311.0,1.34,1.36,3.11,3.59,2.1,2025-08
GXAI,2025-08-19,2.06,0.6099999999999999,55.45454545454543,120.9090909090909,250952092.0,1.1,1.1,1.71,2.43,1.51,2025-08
LASE,2025-08-19,3.92,2.1399999999999997,86.99186991869917,117.07317073170734,131662323.0,2.46,2.67,4.6,5.34,3.8701,2025-08
PLYM,2025-08-19,21.53,7.469999999999999,51.02459016393441,54.71311475409835,6827199.0,14.64,15.02,22.11,22.65,21.02,2025-08
SISI,2025-08-20,6.78,2.62,52.92929292929293,57.97979797979798,29786352.0,4.95,5.405,7.57,7.82,6.12,2025-08
APM,2025-08-21,4.25,1.44,113.38582677165354,251.96850393700788,397825702.0,1.27,1.32,2.71,4.47,2.4,2025-08
PTIX,2025-08-21,4.26,1.3600000000000003,59.64912280701756,171.92982456140356,158867910.0,2.28,2.58,3.64,6.2,3.55,2025-08
AEMD,2025-08-21,2.19,0.5299999999999998,47.747747747747724,146.84684684684686,146417886.0,1.11,1.14,1.64,2.74,1.56,2025-08
ELAB,2025-08-22,2.37,0.6199999999999999,32.804232804232804,94.70899470899472,158423694.0,1.89,1.9,2.51,3.68,2.32,2025-08
HCWB,2025-08-25,5.55,2.0189999999999997,58.50478122283395,112.9817444219067,87688859.0,3.451,3.48,5.47,7.35,4.9,2025-08
CAPS,2025-08-25,1.71,0.77,70.0,88.18181818181816,105018631.0,1.1,1.14,1.87,2.07,1.58,2025-08
STSS,2025-08-25,10.35,4.045,54.99660095173351,80.556084296397,24815951.0,7.355,7.45,11.4,13.2799,10.0,2025-08
ALLR,2025-08-26,1.88,1.0387,110.34739190481248,149.65473281631785,346255860.0,0.9413,0.9486,1.98,2.35,1.75,2025-08
SATS,2025-08-26,52.32,24.23,81.09103078982598,84.70548862115126,39234809.0,29.88,30.07,54.11,55.19,51.77,2025-08
