ticker,date,stage,entry_type,pnl_r,outcome,win,confidence,grade_a_rate,expected_r,risk_r,gap_pct,pm_high_pct,prev_close,entry_price,market_cap,win_streak,loss_streak,month
TGL,2025-01-03,frontside,opening_fbo,2.268472115352022,grade_a,1,0.75,0.75,1.8,0.5,286.3852242744063,311.6094986807388,9.475,36.61,,1,0,2025-01
NITO,2025-01-03,high_and_tight,opening_fbo,1.6429331881139588,grade_a,1,0.8,0.8,2.1,0.4,105.60747663551402,226.16822429906543,1.07,2.2,,2,0,2025-01
MFI,2025-01-03,backside_pop,opening_fbo,2.3218262147297652,grade_a,1,0.728,0.728,1.8,0.4,85.49051937345425,117.09260785930202,5.8224,10.8,,3,0,2025-01
RHE,2025-01-06,high_and_tight,opening_fbo,2.6171327306535925,grade_a,1,0.8,0.8,2.1,0.4,177.4193548387097,338.7096774193548,1.55,4.3,,4,0,2025-01
FUBO,2025-01-06,high_and_tight,opening_fbo,2.072198870178279,grade_a,1,0.8,0.8,2.1,0.4,176.3888888888889,268.05555555555554,1.44,3.98,,5,0,2025-01
SPRC,2025-01-06,backside_pop,opening_fbo,1.7015208572013276,grade_a,1,0.728,0.728,1.8,0.4,87.00511460503884,239.07937109301005,11.0859,20.7312,,6,0,2025-01
MEGL,2025-01-06,backside_pop,opening_fbo,1.5463267535552925,grade_a,1,0.728,0.728,1.8,0.4,122.38035936666073,145.5079167407934,2.2484,5.0,,7,0,2025-01
GFAI,2025-01-06,deep_backside,opening_fbo,1.8641992011224735,grade_a,1,0.75,0.75,1.6,0.4,44.041450777202066,101.03626943005182,1.93,2.78,,8,0,2025-01
ARBE,2025-01-06,deep_backside,opening_fbo,0.10176727465857283,grade_b,1,0.75,0.75,1.6,0.4,71.10266159695819,86.31178707224336,2.63,4.5,,9,0,2025-01
KITT,2025-01-06,deep_backside,opening_fbo,1.3538972243651735,grade_a,1,0.75,0.75,1.6,0.4,58.68421052631581,58.94736842105264,3.8,6.03,,10,0,2025-01
HOTH,2025-01-07,high_and_tight,opening_fbo,1.9594523174100225,grade_a,1,0.8,0.8,2.1,0.4,103.7579306979014,363.6408003904344,0.8196,1.67,,11,0,2025-01
XTIA,2025-01-07,high_and_tight,opening_fbo,-0.1441914106556337,grade_b,0,0.8,0.8,2.1,0.4,138.63636363636363,172.72727272727272,22.0,52.5,,0,1,2025-01
SVMH,2025-01-07,deep_backside,opening_fbo,1.5820412925173934,grade_a,1,0.75,0.75,1.6,0.4,47.3002159827214,107.77537796976242,2.315,3.41,,1,0,2025-01
MSAI,2025-01-07,deep_backside,opening_fbo,1.5107009735034467,grade_a,1,0.75,0.75,1.6,0.4,57.49999999999999,66.5,2.0,3.15,,2,0,2025-01
IMRX,2025-01-07,deep_backside,opening_fbo,1.8887381413362303,grade_a,1,0.75,0.75,1.6,0.4,58.474576271186464,61.01694915254237,2.36,3.74,,3,0,2025-01
INVZ,2025-01-07,deep_backside,opening_fbo,1.601903010125639,grade_a,1,0.75,0.75,1.6,0.4,36.18090452261307,57.78894472361811,1.99,2.71,,4,0,2025-01
AUR,2025-01-07,deep_backside,opening_fbo,1.3034832886153027,grade_a,1,0.75,0.75,1.6,0.4,39.23076923076924,51.23076923076923,6.5,9.05,,5,0,2025-01
GETY,2025-01-07,deep_backside,opening_fbo,1.65897806883833,grade_a,1,0.75,0.75,1.6,0.4,43.968871595330754,50.38910505836578,2.57,3.7,,6,0,2025-01
CURR,2025-01-08,backside_pop,opening_fbo,1.663816894437958,grade_a,1,0.728,0.728,1.8,0.4,94.96402877697842,409.3453237410072,1.39,2.71,,7,0,2025-01
SANA,2025-01-08,frontside,opening_fbo,1.3350962579337358,grade_a,1,0.75,0.75,1.8,0.5,267.8787878787879,342.4242424242425,1.65,6.07,,8,0,2025-01
SILO,2025-01-08,backside_pop,opening_fbo,1.1527384895454755,grade_a,1,0.728,0.728,1.8,0.4,78.89908256880732,209.16513761467888,1.09,1.95,,9,0,2025-01
ACCD,2025-01-08,backside_pop,opening_fbo,2.0825760578225117,grade_a,1,0.728,0.728,1.8,0.4,105.3731343283582,106.56716417910448,3.35,6.88,,10,0,2025-01
TPET,2025-01-08,backside_pop,opening_fbo,2.482524032673503,grade_a,1,0.728,0.728,1.8,0.4,57.48031496062992,105.51181102362204,1.27,2.0,,11,0,2025-01
VIR,2025-01-08,deep_backside,opening_fbo,1.015884779331276,grade_a,1,0.75,0.75,1.6,0.4,59.062103929024104,83.14321926489228,7.89,12.55,,12,0,2025-01
VMAR,2025-01-10,backside_pop,opening_fbo,-0.4758219468052305,grade_c,0,0.728,0.728,1.8,0.4,51.31578947368421,156.57894736842107,15.2,23.0,,0,1,2025-01
DTIL,2025-01-10,deep_backside,opening_fbo,1.5427022593457678,grade_a,1,0.75,0.75,1.6,0.4,51.11111111111111,65.3311111111111,4.5,6.8,,1,0,2025-01
PHIO,2025-01-13,high_and_tight,opening_fbo,1.598445838949999,grade_a,1,0.8,0.8,2.1,0.4,146.15384615384616,479.2899408284024,1.69,4.16,,2,0,2025-01
SLRX,2025-01-13,high_and_tight,opening_fbo,0.2460610585009106,grade_b,1,0.8,0.8,2.1,0.4,184.34504792332268,360.0638977635782,23.475,66.75,,3,0,2025-01
ATPC,2025-01-13,backside_pop,opening_fbo,1.6806524287310474,grade_a,1,0.728,0.728,1.8,0.4,73.8095238095238,132.53968253968256,1.26,2.19,,4,0,2025-01
NMHI,2025-01-14,high_and_tight,opening_fbo,2.056399457078309,grade_a,1,0.8,0.8,2.1,0.4,143.3628318584071,236.283185840708,1.13,2.75,,5,0,2025-01
ERNA,2025-01-14,backside_pop,opening_fbo,1.4012535498451821,grade_a,1,0.728,0.728,1.8,0.4,65.04854368932041,210.67961165048547,4.635,7.65,,6,0,2025-01
AIFF,2025-01-14,high_and_tight,opening_fbo,1.3548595611951821,grade_a,1,0.8,0.8,2.1,0.4,136.31578947368425,205.26315789473685,1.9,4.49,,7,0,2025-01
HEES,2025-01-14,backside_pop,opening_fbo,1.8363973389655124,grade_a,1,0.728,0.728,1.8,0.4,105.89440145653164,106.32680928538916,43.94,90.47,,8,0,2025-01
STAF,2025-01-14,deep_backside,opening_fbo,2.0990779505864587,grade_a,1,0.75,0.75,1.6,0.4,62.1978021978022,63.95604395604395,2.275,3.69,,9,0,2025-01
FAMI,2025-01-15,deep_backside,opening_fbo,2.225115038255796,grade_a,1,0.75,0.75,1.6,0.4,65.74251115360103,87.82664117272148,3.7656,6.2412,,10,0,2025-01
VMAR,2025-01-15,deep_backside,opening_fbo,1.3089148046193804,grade_a,1,0.75,0.75,1.6,0.4,45.00000000000001,82.14285714285714,14.0,20.3,,11,0,2025-01
OSTX,2025-01-15,deep_backside,opening_fbo,1.1694036060308544,grade_a,1,0.75,0.75,1.6,0.4,62.25961538461537,68.26923076923077,4.16,6.75,,12,0,2025-01
BMRA,2025-01-16,high_and_tight,opening_fbo,1.4487977328463075,grade_a,1,0.8,0.8,2.1,0.4,214.2857142857143,262.8571428571429,2.8,8.8,,13,0,2025-01
VS,2025-01-17,deep_backside,opening_fbo,1.3246273388625032,grade_a,1,0.75,0.75,1.6,0.4,77.08333333333334,97.39583333333334,1.92,3.4,,14,0,2025-01
NUKK,2025-01-17,deep_backside,opening_fbo,-0.11946814433175296,grade_b,0,0.75,0.75,1.6,0.4,63.17584023380418,94.10618606916708,20.53,33.5,,0,1,2025-01
VATE,2025-01-21,deep_backside,opening_fbo,0.2642761802011742,grade_b,1,0.75,0.75,1.6,0.4,45.401174168297445,114.28375733855182,5.11,7.43,,1,0,2025-01
EONR,2025-01-21,deep_backside,opening_fbo,0.31088295029914853,grade_b,1,0.75,0.75,1.6,0.4,51.9607843137255,86.27450980392155,1.02,1.55,,2,0,2025-01
INM,2025-01-21,deep_backside,opening_fbo,0.31823017013624894,grade_b,1,0.75,0.75,1.6,0.4,46.26262626262626,67.07070707070706,4.95,7.24,,3,0,2025-01
BLBX,2025-01-22,backside_pop,opening_fbo,2.235442563133922,grade_a,1,0.728,0.728,1.8,0.4,97.0414201183432,255.02366863905328,1.69,3.33,,4,0,2025-01
DGNX,2025-01-23,high_and_tight,opening_fbo,2.634594543972475,grade_a,1,0.8,0.8,2.1,0.4,104.79999999999998,206.0,7.5,15.36,,5,0,2025-01
VNCE,2025-01-23,backside_pop,opening_fbo,1.5800767533718532,grade_a,1,0.728,0.728,1.8,0.4,86.38297872340425,137.01702127659573,2.35,4.38,,6,0,2025-01
HEPA,2025-01-23,deep_backside,opening_fbo,1.824360585502812,grade_a,1,0.75,0.75,1.6,0.4,42.14814814814816,134.66666666666666,6.75,9.595,,7,0,2025-01
ALUR,2025-01-24,frontside,opening_fbo,0.16846423644918374,grade_b,1,0.75,0.75,1.8,0.5,353.78378378378375,354.32432432432427,3.7,16.79,,8,0,2025-01
NVNI,2025-01-24,deep_backside,opening_fbo,0.4154778756503393,grade_b,1,0.75,0.75,1.6,0.4,45.63758389261744,293.9597315436242,1.49,2.17,,9,0,2025-01
EVAX,2025-01-24,backside_pop,opening_fbo,-0.3797989333876767,grade_c,0,0.728,0.728,1.8,0.4,91.48351648351648,169.23076923076923,3.64,6.97,,0,1,2025-01
ELAB,2025-01-24,backside_pop,opening_fbo,0.3475886430687332,grade_b,1,0.728,0.728,1.8,0.4,100.0,105.55555555555554,13.86,27.72,,1,0,2025-01
JG,2025-01-27,high_and_tight,opening_fbo,0.14018168539345216,grade_b,1,0.8,0.8,2.1,0.4,173.28221420136057,248.297599840322,6.0121,16.43,,2,0,2025-01
AKRO,2025-01-27,backside_pop,opening_fbo,1.8104638669381559,grade_a,1,0.728,0.728,1.8,0.4,118.71657754010694,123.07104660045836,26.18,57.26,,3,0,2025-01
HOLO,2025-01-27,deep_backside,opening_fbo,1.084380188677701,grade_a,1,0.75,0.75,1.6,0.4,66.45161290322581,67.09677419354838,62.0,103.2,,4,0,2025-01
ETNB,2025-01-27,deep_backside,opening_fbo,1.7236142289951841,grade_a,1,0.75,0.75,1.6,0.4,48.667601683029446,65.07713884992987,7.13,10.6,,5,0,2025-01
SLXN,2025-01-28,high_and_tight,opening_fbo,-0.4546896155547286,grade_c,0,0.8,0.8,2.1,0.4,108.6206896551724,168.94827586206898,8.7,18.15,,0,1,2025-01
BACK,2025-01-28,deep_backside,opening_fbo,1.1434718590634048,grade_a,1,0.75,0.75,1.6,0.4,65.25934861278651,88.17852834740654,0.829,1.37,,1,0,2025-01
SLXN,2025-01-29,backside_pop,opening_fbo,0.31100576856592127,grade_b,1,0.728,0.728,1.8,0.4,60.740740740740726,155.55555555555554,20.25,32.55,,2,0,2025-01
AMOD,2025-01-30,backside_pop,opening_fbo,-0.07420312983813843,grade_b,0,0.728,0.728,1.8,0.4,77.27272727272727,259.73376623376623,1.54,2.73,,0,1,2025-01
TECX,2025-01-30,backside_pop,opening_fbo,0.2236429300197279,grade_b,1,0.728,0.728,1.8,0.4,92.45723172628306,127.91601866251943,25.72,49.5,,1,0,2025-01
NLSP,2025-01-31,deep_backside,opening_fbo,2.1455703543076625,grade_a,1,0.75,0.75,1.6,0.4,53.03030303030302,70.2020202020202,1.98,3.03,,2,0,2025-01
HCWB,2025-02-03,high_and_tight,opening_fbo,1.923629621790322,grade_a,1,0.8,0.8,2.1,0.4,251.76132278936015,270.2372393961179,11.128,39.144,,3,0,2025-02
UOKA,2025-02-03,high_and_tight,opening_fbo,2.1140261340439697,grade_a,1,0.8,0.8,2.1,0.4,136.92307692307693,244.91692307692307,3.25,7.7,,4,0,2025-02
GHRS,2025-02-03,deep_backside,opening_fbo,2.1960958927603498,grade_a,1,0.75,0.75,1.6,0.4,88.67924528301887,93.39622641509436,10.6,20.0,,5,0,2025-02
SOPA,2025-02-03,deep_backside,opening_fbo,0.11311170261166675,grade_b,1,0.75,0.75,1.6,0.4,47.36842105263159,90.78289473684212,1.52,2.24,,6,0,2025-02
VLCN,2025-02-04,backside_pop,opening_fbo,1.700172477705854,grade_a,1,0.728,0.728,1.8,0.4,70.95808383233533,202.39520958083835,26.72,45.68,,7,0,2025-02
QNTM,2025-02-04,backside_pop,opening_fbo,1.9303652220783238,grade_a,1,0.728,0.728,1.8,0.4,83.64779874213835,128.9308176100629,3.18,5.84,,8,0,2025-02
AZTR,2025-02-04,backside_pop,opening_fbo,-0.08467404218073739,grade_b,0,0.728,0.728,1.8,0.4,88.510890662066,111.09553590683632,1.8548,3.4965,,0,1,2025-02
EVAX,2025-02-04,deep_backside,opening_fbo,1.9429952159836237,grade_a,1,0.75,0.75,1.6,0.4,63.750000000000014,68.75,2.4,3.93,,1,0,2025-02
PTIR,2025-02-04,deep_backside,opening_fbo,2.201011608211396,grade_a,1,0.75,0.75,1.6,0.4,44.79008721014458,54.71832958287861,10.3543,14.992,,2,0,2025-02
OGEN,2025-02-05,backside_pop,opening_fbo,1.1164806507148746,grade_a,1,0.728,0.728,1.8,0.4,87.99718409010912,121.7177050334389,8.523,16.023,,3,0,2025-02
KTTA,2025-02-05,deep_backside,opening_fbo,-0.09427911799558741,grade_b,0,0.75,0.75,1.6,0.4,74.51923076923076,85.09615384615385,2.08,3.63,,0,1,2025-02
LIPO,2025-02-06,high_and_tight,opening_fbo,-0.004175768025777932,grade_b,0,0.8,0.8,2.1,0.4,155.81395348837208,183.33333333333331,2.58,6.6,,0,2,2025-02
CDT,2025-02-07,backside_pop,opening_fbo,0.15070319700953,grade_b,1,0.728,0.728,1.8,0.4,72.25806451612901,138.70967741935485,23.25,40.05,,1,0,2025-02
CYTH,2025-02-07,deep_backside,opening_fbo,1.2288211914332954,grade_a,1,0.75,0.75,1.6,0.4,74.02597402597402,88.3116883116883,0.77,1.34,,2,0,2025-02
CYN,2025-02-10,deep_backside,opening_fbo,1.0704743603810607,grade_a,1,0.75,0.75,1.6,0.4,47.00996677740865,227.24252491694355,9.03,13.275,,3,0,2025-02
PNBK,2025-02-10,deep_backside,opening_fbo,0.33491321282394965,grade_b,1,0.75,0.75,1.6,0.4,62.75862068965517,70.34482758620693,1.45,2.36,,4,0,2025-02
DOMH,2025-02-11,deep_backside,opening_fbo,1.7770450189011322,grade_a,1,0.75,0.75,1.6,0.4,69.31818181818181,83.92857142857142,6.16,10.43,,5,0,2025-02
INAB,2025-02-11,deep_backside,opening_fbo,1.0746276647319533,grade_a,1,0.75,0.75,1.6,0.4,47.57497223250648,54.646427249167,8.103,11.958,,6,0,2025-02
LIPO,2025-02-11,deep_backside,opening_fbo,1.0028926950784045,grade_a,1,0.75,0.75,1.6,0.4,50.16393442622952,53.77049180327871,3.05,4.58,,7,0,2025-02
TIVC,2025-02-12,backside_pop,opening_fbo,1.7138827812773056,grade_a,1,0.728,0.728,1.8,0.4,64.0,198.55319148936167,3.995,6.5518,,8,0,2025-02
NXU,2025-02-12,deep_backside,opening_fbo,1.5719296135755714,grade_a,1,0.75,0.75,1.6,0.4,70.79225994888645,82.18327856882075,5.478,9.356,,9,0,2025-02
AMOD,2025-02-13,backside_pop,opening_fbo,2.101169728327526,grade_a,1,0.728,0.728,1.8,0.4,76.63043478260869,227.1684782608695,1.84,3.25,,10,0,2025-02
EDSA,2025-02-13,backside_pop,opening_fbo,-0.1208315533083173,grade_b,0,0.728,0.728,1.8,0.4,60.752688172043015,141.39247311827953,1.86,2.99,,0,1,2025-02
JTAI,2025-02-14,high_and_tight,opening_fbo,-0.38733044516140336,grade_c,0,0.8,0.8,2.1,0.4,125.96899224806202,217.82945736434104,2.58,5.83,,0,2,2025-02
WRD,2025-02-14,backside_pop,opening_fbo,-0.0709192715154521,grade_b,0,0.728,0.728,1.8,0.4,108.09551543389628,146.01048340128128,17.17,35.73,,0,3,2025-02
KWE,2025-02-18,backside_pop,opening_fbo,2.4561268395718914,grade_a,1,0.728,0.728,1.8,0.4,67.8800856531049,169.8072805139186,9.807,16.464,,1,0,2025-02
EFOI,2025-02-18,backside_pop,opening_fbo,2.198009324168255,grade_a,1,0.728,0.728,1.8,0.4,51.16279069767441,124.03100775193798,1.29,1.95,,2,0,2025-02
PRFX,2025-02-18,deep_backside,opening_fbo,0.03646072157589958,grade_b,1,0.75,0.75,1.6,0.4,86.87943262411348,93.968085106383,2.82,5.27,,3,0,2025-02
SLDB,2025-02-18,deep_backside,opening_fbo,1.0281654685254833,grade_a,1,0.75,0.75,1.6,0.4,65.75682382133994,78.66004962779157,4.03,6.68,,4,0,2025-02
OSRH,2025-02-19,backside_pop,opening_fbo,0.03353794205652025,grade_b,1,0.728,0.728,1.8,0.4,81.99356913183281,221.54340836012864,3.11,5.66,,5,0,2025-02
SINT,2025-02-19,backside_pop,opening_fbo,2.4591003327395318,grade_a,1,0.728,0.728,1.8,0.4,87.2340425531915,116.6666666666667,2.82,5.28,,6,0,2025-02
XOS,2025-02-20,deep_backside,opening_fbo,1.942415045863005,grade_a,1,0.75,0.75,1.6,0.4,41.53354632587859,192.32907348242816,3.13,4.43,,7,0,2025-02
WOK,2025-02-20,backside_pop,opening_fbo,1.7922747112924995,grade_a,1,0.728,0.728,1.8,0.4,92.77108433734938,140.96385542168673,2.49,4.8,,8,0,2025-02
APTO,2025-02-20,deep_backside,opening_fbo,0.4300204911190996,grade_b,1,0.75,0.75,1.6,0.4,58.639092728485664,70.11340893929288,4.497,7.134,,9,0,2025-02
MLGO,2025-02-21,high_and_tight,opening_fbo,2.0012601045254357,grade_a,1,0.8,0.8,2.1,0.4,172.1826086956522,918.2608695652174,34.5,93.903,,10,0,2025-02
UPC,2025-02-21,backside_pop,opening_fbo,0.3569942159934378,grade_b,1,0.728,0.728,1.8,0.4,81.89473684210526,144.77192982456137,5.7,10.368,,11,0,2025-02
NAAS,2025-02-21,deep_backside,opening_fbo,2.0745853169441517,grade_a,1,0.75,0.75,1.6,0.4,64.74820143884894,81.29496402877699,22.24,36.64,,12,0,2025-02
ATCH,2025-02-24,backside_pop,opening_fbo,2.33844596090769,grade_a,1,0.728,0.728,1.8,0.4,71.06382978723403,461.2765957446808,2.35,4.02,,13,0,2025-02
PEPG,2025-02-24,backside_pop,opening_fbo,2.38161647494105,grade_a,1,0.728,0.728,1.8,0.4,90.51094890510949,227.007299270073,1.37,2.61,,14,0,2025-02
RETO,2025-02-24,high_and_tight,opening_fbo,2.153331274955679,grade_a,1,0.8,0.8,2.1,0.4,166.07538802660756,203.03030303030303,4.059,10.8,,15,0,2025-02
ATPC,2025-02-24,backside_pop,opening_fbo,1.4074010220506574,grade_a,1,0.728,0.728,1.8,0.4,59.18803418803418,142.5213675213675,0.936,1.49,,16,0,2025-02
ONVO,2025-02-25,frontside,opening_fbo,1.752837435238118,grade_a,1,0.75,0.75,1.8,0.5,238.75338753387533,395.9349593495936,4.428,15.0,,17,0,2025-02
WAFU,2025-02-25,backside_pop,opening_fbo,2.34966549308619,grade_a,1,0.728,0.728,1.8,0.4,83.79888268156425,318.4301675977653,1.79,3.29,,18,0,2025-02
BREA,2025-02-25,deep_backside,opening_fbo,1.1443387014750204,grade_a,1,0.75,0.75,1.6,0.4,58.40329478853161,99.572311104071,6.313,10.0,,19,0,2025-02
ENVB,2025-02-26,high_and_tight,opening_fbo,1.3757848208721677,grade_a,1,0.8,0.8,2.1,0.4,160.16949152542372,281.35593220338984,1.18,3.07,,20,0,2025-02
TRNR,2025-02-26,backside_pop,opening_fbo,1.276086616985691,grade_a,1,0.728,0.728,1.8,0.4,64.26239865220596,167.44235021585766,9.497,15.6,,21,0,2025-02
SYTA,2025-02-26,deep_backside,opening_fbo,1.9049276227539655,grade_a,1,0.75,0.75,1.6,0.4,99.71428571428572,99.71428571428572,3.5,6.99,,22,0,2025-02
ULY,2025-02-27,backside_pop,opening_fbo,-0.3775012784111714,grade_c,0,0.728,0.728,1.8,0.4,101.04761904761904,127.61706349206348,5.04,10.1328,,0,1,2025-02
XNET,2025-02-27,deep_backside,opening_fbo,1.482785603816056,grade_a,1,0.75,0.75,1.6,0.4,63.44827586206898,65.68965517241378,2.9,4.74,,1,0,2025-02
NIXX,2025-02-27,deep_backside,opening_fbo,1.9131603316335437,grade_a,1,0.75,0.75,1.6,0.4,48.1012658227848,62.0253164556962,1.58,2.34,,2,0,2025-02
NVVE,2025-02-28,backside_pop,opening_fbo,1.483683250463132,grade_a,1,0.728,0.728,1.8,0.4,81.24999999999999,109.1625,2.4,4.35,,3,0,2025-02
FTFT,2025-03-03,backside_pop,opening_fbo,0.20626865427951824,grade_b,1,0.728,0.728,1.8,0.4,85.94059405940592,147.37623762376236,2.02,3.756,,4,0,2025-03
MASS,2025-03-04,backside_pop,opening_fbo,1.3169992034803641,grade_a,1,0.728,0.728,1.8,0.4,76.76767676767678,102.02020202020203,1.98,3.5,,5,0,2025-03
UOKA,2025-03-04,deep_backside,opening_fbo,1.251600203680874,grade_a,1,0.75,0.75,1.6,0.4,51.06666666666667,63.794666666666664,3.75,5.665,,6,0,2025-03
GV,2025-03-05,backside_pop,opening_fbo,0.2233896828942808,grade_b,1,0.728,0.728,1.8,0.4,76.74418604651162,208.5271317829457,1.29,2.28,,7,0,2025-03
ARBB,2025-03-05,deep_backside,opening_fbo,1.9711173329765783,grade_a,1,0.75,0.75,1.6,0.4,70.5576923076923,87.01923076923077,7.8,13.3035,,8,0,2025-03
CMRX,2025-03-05,deep_backside,opening_fbo,1.8405557839758855,grade_a,1,0.75,0.75,1.6,0.4,69.35483870967742,70.76612903225808,4.96,8.4,,9,0,2025-03
SLXN,2025-03-05,deep_backside,opening_fbo,0.3676769075361454,grade_b,1,0.75,0.75,1.6,0.4,40.54054054054054,60.36036036036037,16.65,23.4,,10,0,2025-03
AGMH,2025-03-06,backside_pop,opening_fbo,-0.48676637093013136,grade_c,0,0.728,0.728,1.8,0.4,89.14956011730206,182.297165200391,5.115,9.675,,0,1,2025-03
GV,2025-03-06,deep_backside,opening_fbo,1.2032907238782349,grade_a,1,0.75,0.75,1.6,0.4,64.81732070365359,90.52503382949936,3.695,6.09,,1,0,2025-03
SCNX,2025-03-06,deep_backside,opening_fbo,0.26249213577611413,grade_b,1,0.75,0.75,1.6,0.4,47.72727272727271,64.09090909090907,2.2,3.25,,2,0,2025-03
PSTV,2025-03-07,deep_backside,opening_fbo,2.066082911840943,grade_a,1,0.75,0.75,1.6,0.4,39.93055555555557,60.40972222222221,1.44,2.015,,3,0,2025-03
RDFN,2025-03-10,deep_backside,opening_fbo,1.8297633315803645,grade_a,1,0.75,0.75,1.6,0.4,72.33676975945015,79.89690721649485,5.82,10.03,,4,0,2025-03
MLYS,2025-03-10,deep_backside,opening_fbo,1.769953147831155,grade_a,1,0.75,0.75,1.6,0.4,34.31558935361218,73.85931558935361,10.52,14.13,,5,0,2025-03
TRVI,2025-03-10,deep_backside,opening_fbo,1.1674788294451608,grade_a,1,0.75,0.75,1.6,0.4,53.25581395348837,71.86046511627906,4.3,6.59,,6,0,2025-03
CKPT,2025-03-10,deep_backside,opening_fbo,-0.19005565686119225,grade_b,0,0.75,0.75,1.6,0.4,65.1821862348178,65.18218623481779,2.47,4.08,,0,1,2025-03
SPRC,2025-03-10,deep_backside,opening_fbo,-0.4728504801107,grade_c,0,0.75,0.75,1.6,0.4,45.40050062578222,61.13892365456821,6.7116,9.7587,,0,2,2025-03
TSVT,2025-03-11,deep_backside,opening_fbo,1.4823480321318665,grade_a,1,0.75,0.75,1.6,0.4,75.71428571428572,76.7857142857143,2.8,4.92,,1,0,2025-03
TNON,2025-03-11,deep_backside,opening_fbo,2.013646045936643,grade_a,1,0.75,0.75,1.6,0.4,45.60000000000001,60.00000000000001,1.25,1.82,,2,0,2025-03
STI,2025-03-12,deep_backside,opening_fbo,1.8752875834232265,grade_a,1,0.75,0.75,1.6,0.4,48.29500396510706,94.131641554322,6.305,9.35,,3,0,2025-03
SPGC,2025-03-13,deep_backside,opening_fbo,0.488603454605159,grade_b,1,0.75,0.75,1.6,0.4,76.75925925925927,97.6851851851852,3.24,5.727,,4,0,2025-03
RDUS,2025-03-14,backside_pop,opening_fbo,0.3322487748245642,grade_b,1,0.728,0.728,1.8,0.4,107.50366032210836,108.63836017569544,13.66,28.345,,5,0,2025-03
UOKA,2025-03-14,deep_backside,opening_fbo,2.131103872034098,grade_a,1,0.75,0.75,1.6,0.4,35.158680771624134,51.40012445550715,4.0175,5.43,,6,0,2025-03
LSE,2025-03-19,deep_backside,opening_fbo,1.8044183138135947,grade_a,1,0.75,0.75,1.6,0.4,47.23294723294724,92.92020592020592,7.77,11.44,,7,0,2025-03
BDTX,2025-03-19,deep_backside,opening_fbo,1.2227832142471806,grade_a,1,0.75,0.75,1.6,0.4,40.476190476190474,65.47619047619047,1.68,2.36,,8,0,2025-03
WINT,2025-03-20,backside_pop,opening_fbo,1.1287981768914295,grade_a,1,0.728,0.728,1.8,0.4,51.47928994082841,105.9171597633136,1.69,2.56,,9,0,2025-03
ALUR,2025-03-21,deep_backside,opening_fbo,0.29769564559636513,grade_b,1,0.75,0.75,1.6,0.4,69.73684210526318,83.33333333333333,2.28,3.87,,10,0,2025-03
XHLD,2025-03-24,deep_backside,opening_fbo,1.1526860971423285,grade_a,1,0.75,0.75,1.6,0.4,80.71428571428572,87.14285714285717,1.4,2.53,,11,0,2025-03
TNON,2025-03-25,frontside,opening_fbo,2.0683316125458893,grade_a,1,0.75,0.75,1.8,0.5,340.65024026173194,498.09835395153874,0.9781,4.31,,12,0,2025-03
DATS,2025-03-25,backside_pop,opening_fbo,1.6098880253022045,grade_a,1,0.728,0.728,1.8,0.4,71.75925925925924,174.537037037037,2.16,3.71,,13,0,2025-03
POAI,2025-03-25,backside_pop,opening_fbo,1.5293794195948853,grade_a,1,0.728,0.728,1.8,0.4,88.3408071748879,133.18385650224215,1.115,2.1,,14,0,2025-03
DM,2025-03-25,backside_pop,opening_fbo,0.15550526694658862,grade_b,1,0.728,0.728,1.8,0.4,70.04405286343611,100.0,2.27,3.8600000000000003,,15,0,2025-03
ALMS,2025-03-25,deep_backside,opening_fbo,1.592943102639184,grade_a,1,0.75,0.75,1.6,0.4,50.99337748344371,50.99337748344372,3.775,5.7,,16,0,2025-03
PTPI,2025-03-26,high_and_tight,opening_fbo,1.9624391481663888,grade_a,1,0.8,0.8,2.1,0.4,142.2145328719723,297.9238754325259,1.445,3.5,,17,0,2025-03
OSRH,2025-03-26,high_and_tight,opening_fbo,1.9595299421596062,grade_a,1,0.8,0.8,2.1,0.4,159.38125,170.62499999999997,1.6,4.1501,,18,0,2025-03
SURG,2025-03-26,backside_pop,opening_fbo,2.22103290482414,grade_a,1,0.728,0.728,1.8,0.4,73.91304347826087,113.768115942029,1.38,2.4,,19,0,2025-03
BLNE,2025-03-26,deep_backside,opening_fbo,1.6903967942702405,grade_a,1,0.75,0.75,1.6,0.4,57.97872340425534,67.5531914893617,1.88,2.97,,20,0,2025-03
GTEC,2025-03-27,deep_backside,opening_fbo,1.7175579976757653,grade_a,1,0.75,0.75,1.6,0.4,72.51908396946563,96.94656488549616,1.31,2.26,,21,0,2025-03
DRMA,2025-03-27,deep_backside,opening_fbo,0.40426414814369266,grade_b,1,0.75,0.75,1.6,0.4,62.96296296296296,75.55555555555556,13.5,22.0,,22,0,2025-03
PRTG,2025-03-28,high_and_tight,opening_fbo,1.7952009876892492,grade_a,1,0.8,0.8,2.1,0.4,153.71549893842885,180.25477707006368,4.71,11.95,,23,0,2025-03
DBVT,2025-03-28,deep_backside,opening_fbo,1.6907209164391532,grade_a,1,0.75,0.75,1.6,0.4,54.21994884910486,73.39897698209717,3.91,6.03,,24,0,2025-03
CORT,2025-03-31,backside_pop,opening_fbo,2.456930411961335,grade_a,1,0.728,0.728,1.8,0.4,73.7689913966685,114.77210323997804,54.63,94.93,,25,0,2025-03
GRI,2025-04-01,high_and_tight,opening_fbo,-0.42654676416856163,grade_c,0,0.8,0.8,2.1,0.4,191.5625,247.49999999999997,3.2,9.33,,0,1,2025-04
NMAX,2025-04-01,backside_pop,opening_fbo,2.492090150039331,grade_a,1,0.728,0.728,1.8,0.4,50.85618488803736,217.32726619566515,83.51,125.98,,1,0,2025-04
ICCT,2025-04-01,deep_backside,opening_fbo,1.3577445310930967,grade_a,1,0.75,0.75,1.6,0.4,41.07142857142856,141.9642857142857,2.24,3.16,,2,0,2025-04
SATX,2025-04-01,deep_backside,opening_fbo,-0.16401489254680687,grade_b,0,0.75,0.75,1.6,0.4,65.0,67.49999999999999,1.2,1.98,,0,1,2025-04
QNRX,2025-04-02,deep_backside,opening_fbo,1.2650049332048898,grade_a,1,0.75,0.75,1.6,0.4,60.68052930056712,98.48771266540643,7.406,11.9,,1,0,2025-04
SBFM,2025-04-02,deep_backside,opening_fbo,1.750331163324881,grade_a,1,0.75,0.75,1.6,0.4,58.17307692307692,87.5,2.08,3.29,,2,0,2025-04
PTIX,2025-04-03,high_and_tight,opening_fbo,2.5273984633444155,grade_a,1,0.8,0.8,2.1,0.4,136.5198237885463,172.2435494021397,3.178,7.5166,,3,0,2025-04
ATPC,2025-04-03,deep_backside,opening_fbo,-0.11622677656920992,grade_b,0,0.75,0.75,1.6,0.4,58.922480620155035,67.44186046511629,1.29,2.0501,,0,1,2025-04
AREB,2025-04-04,high_and_tight,opening_fbo,2.0170082273273993,grade_a,1,0.8,0.8,2.1,0.4,102.020202020202,427.5252525252525,3.96,8.0,,1,0,2025-04
JNVR,2025-04-07,frontside,opening_fbo,0.31603741338105723,grade_b,1,0.75,0.75,1.8,0.5,256.75,1111.75,4.0,14.27,,2,0,2025-04
BJDX,2025-04-07,high_and_tight,opening_fbo,1.8466881711309444,grade_a,1,0.8,0.8,2.1,0.4,133.71104815864027,188.95184135977337,3.53,8.25,,3,0,2025-04
NAOV,2025-04-08,high_and_tight,opening_fbo,1.2961940626383333,grade_a,1,0.8,0.8,2.1,0.4,179.93197278911566,452.72108843537416,29.4,82.3,,4,0,2025-04
SXTP,2025-04-08,deep_backside,opening_fbo,1.4173425992157755,grade_a,1,0.75,0.75,1.6,0.4,37.34430604982207,145.21241103202848,1.7984,2.47,,5,0,2025-04
NXU,2025-04-08,deep_backside,opening_fbo,1.27055920812373,grade_a,1,0.75,0.75,1.6,0.4,66.07142857142857,87.5,2.24,3.72,,6,0,2025-04
GLXG,2025-04-08,deep_backside,opening_fbo,2.0924506817269433,grade_a,1,0.75,0.75,1.6,0.4,71.31304532879338,78.76143860395828,0.9398,1.61,,7,0,2025-04
VERO,2025-04-09,frontside,opening_fbo,0.41742262472354125,grade_b,1,0.75,0.75,1.8,0.5,248.2876712328767,396.5753424657534,2.92,10.17,,8,0,2025-04
PHIO,2025-04-09,high_and_tight,opening_fbo,2.0868952850991267,grade_a,1,0.8,0.8,2.1,0.4,111.88118811881188,170.29702970297032,1.01,2.1399999999999997,,9,0,2025-04
STSS,2025-04-10,backside_pop,opening_fbo,1.6532798686992267,grade_a,1,0.728,0.728,1.8,0.4,87.85714285714285,167.85714285714283,4.2,7.889999999999999,,10,0,2025-04
KTTA,2025-04-10,backside_pop,opening_fbo,2.0985880137603004,grade_a,1,0.728,0.728,1.8,0.4,70.64220183486239,114.67889908256876,1.09,1.86,,11,0,2025-04
PRFX,2025-04-10,deep_backside,opening_fbo,2.236339632906459,grade_a,1,0.75,0.75,1.6,0.4,54.395604395604394,91.75824175824177,1.82,2.81,,12,0,2025-04
WHLR,2025-04-10,deep_backside,opening_fbo,1.2575751456676239,grade_a,1,0.75,0.75,1.6,0.4,35.44303797468354,56.95780590717301,16.59,22.47,,13,0,2025-04
MSPR,2025-04-11,high_and_tight,opening_fbo,0.2768964048017302,grade_b,1,0.8,0.8,2.1,0.4,152.34375,175.78125,1.28,3.23,,14,0,2025-04
BON,2025-04-11,backside_pop,opening_fbo,2.278975427500232,grade_a,1,0.728,0.728,1.8,0.4,74.4645799011532,119.11037891268532,1.5175,2.6475,,15,0,2025-04
BULL,2025-04-14,high_and_tight,opening_fbo,1.5204978062918966,grade_a,1,0.8,0.8,2.1,0.4,108.60377358490568,500.4528301886792,13.25,27.64,,16,0,2025-04
XAGE,2025-04-14,backside_pop,opening_fbo,2.36021136325699,grade_a,1,0.728,0.728,1.8,0.4,139.80738362760837,149.03691813804173,3.738,8.964,,17,0,2025-04
MURA,2025-04-15,high_and_tight,opening_fbo,2.9353288349616884,grade_a,1,0.8,0.8,2.1,0.4,123.30097087378635,211.64077669902915,1.03,2.3,,18,0,2025-04
SNYR,2025-04-15,backside_pop,opening_fbo,2.2021213752490407,grade_a,1,0.728,0.728,1.8,0.4,117.31843575418996,127.93296089385473,1.79,3.89,,19,0,2025-04
TGL,2025-04-16,backside_pop,opening_fbo,2.165970906547236,grade_a,1,0.728,0.728,1.8,0.4,77.88461538461539,111.53846153846156,2.08,3.7,,20,0,2025-04
ICAD,2025-04-16,deep_backside,opening_fbo,1.561374017844738,grade_a,1,0.75,0.75,1.6,0.4,64.50777202072538,75.12953367875647,1.93,3.175,,21,0,2025-04
SBEV,2025-04-16,deep_backside,opening_fbo,-0.1716560083354005,grade_b,0,0.75,0.75,1.6,0.4,41.489361702127674,69.50354609929079,2.82,3.99,,0,1,2025-04
QURE,2025-04-17,deep_backside,opening_fbo,-0.37631992673212755,grade_c,0,0.75,0.75,1.6,0.4,38.498402555910545,50.798722044728414,9.39,13.005,,0,2,2025-04
UPXI,2025-04-21,frontside,opening_fbo,2.2798835735295557,grade_a,1,0.75,0.75,1.8,0.5,346.1873638344227,858.6056644880175,2.295,10.24,,1,0,2025-04
SHFS,2025-04-21,deep_backside,opening_fbo,1.4929823423130453,grade_a,1,0.75,0.75,1.6,0.4,73.09417040358744,94.16591928251124,2.23,3.86,,2,0,2025-04
GELS,2025-04-22,frontside,opening_fbo,1.5215082556710664,grade_a,1,0.75,0.75,1.8,0.5,326.6666666666667,356.66666666666674,0.9,3.84,,3,0,2025-04
TIVC,2025-04-22,high_and_tight,opening_fbo,2.1534362147550468,grade_a,1,0.8,0.8,2.1,0.4,230.57142857142856,278.0,3.5,11.57,,4,0,2025-04
WNW,2025-04-22,backside_pop,opening_fbo,2.2541819211365386,grade_a,1,0.728,0.728,1.8,0.4,63.709677419354826,137.90322580645164,1.24,2.03,,5,0,2025-04
OBLG,2025-04-22,backside_pop,opening_fbo,2.016902063512802,grade_a,1,0.728,0.728,1.8,0.4,85.04672897196261,105.60747663551405,2.14,3.96,,6,0,2025-04
ENSC,2025-04-23,high_and_tight,opening_fbo,0.43361936192983014,grade_b,1,0.8,0.8,2.1,0.4,126.20320855614976,159.35828877005343,1.87,4.23,,7,0,2025-04
AGMH,2025-04-23,high_and_tight,opening_fbo,2.1087282160428096,grade_a,1,0.8,0.8,2.1,0.4,122.33333333333334,158.0,1.5,3.335,,8,0,2025-04
SNOA,2025-04-23,deep_backside,opening_fbo,1.0474758036144647,grade_a,1,0.75,0.75,1.6,0.4,75.96566523605148,80.25751072961373,2.33,4.1,,9,0,2025-04
CNEY,2025-04-24,deep_backside,opening_fbo,1.2353558962947506,grade_a,1,0.75,0.75,1.6,0.4,54.44531864673484,59.32336742722264,3.1775,4.9075,,10,0,2025-04
OMEX,2025-04-25,backside_pop,opening_fbo,-0.4957897331756379,grade_c,0,0.728,0.728,1.8,0.4,84.25067480342683,111.24281187654032,0.8521,1.57,,0,1,2025-04
AGMH,2025-04-25,deep_backside,opening_fbo,1.792733231500863,grade_a,1,0.75,0.75,1.6,0.4,54.35897435897436,74.35897435897436,1.95,3.01,,1,0,2025-04
RETO,2025-04-25,deep_backside,opening_fbo,0.2507130673627816,grade_b,1,0.75,0.75,1.6,0.4,54.03830141548707,60.14432417429918,3.603,5.55,,2,0,2025-04
GLMD,2025-04-28,deep_backside,opening_fbo,-0.47472335106221303,grade_c,0,0.75,0.75,1.6,0.4,58.59872611464969,70.70063694267516,1.57,2.49,,0,1,2025-04
RGLS,2025-04-30,backside_pop,opening_fbo,1.0883156443705817,grade_a,1,0.728,0.728,1.8,0.4,136.94362017804153,143.32344213649847,3.37,7.985,,1,0,2025-04
JFBR,2025-04-30,backside_pop,opening_fbo,-0.47899608777099356,grade_c,0,0.728,0.728,1.8,0.4,101.17647058823532,111.76470588235294,14.45,29.07,,0,1,2025-04
IVF,2025-04-30,deep_backside,opening_fbo,2.0066764472512997,grade_a,1,0.75,0.75,1.6,0.4,35.40372670807454,98.75776397515529,4.83,6.54,,1,0,2025-04
KIDZ,2025-05-01,high_and_tight,opening_fbo,-0.48831482160262285,grade_c,0,0.8,0.8,2.1,0.4,109.5652173913044,372.17391304347825,1.15,2.41,,0,1,2025-05
ZCAR,2025-05-01,high_and_tight,opening_fbo,0.2698339810380263,grade_b,1,0.8,0.8,2.1,0.4,158.96805896805893,342.26044226044223,4.07,10.54,,1,0,2025-05
FRGT,2025-05-02,high_and_tight,opening_fbo,1.3313562010705111,grade_a,1,0.8,0.8,2.1,0.4,217.8310316815597,254.37652315190903,3.9392,12.52,,2,0,2025-05
KIDZ,2025-05-02,deep_backside,opening_fbo,-0.46118580928611885,grade_c,0,0.75,0.75,1.6,0.4,52.14552238805968,98.69402985074626,5.36,8.155,,0,1,2025-05
CNEY,2025-05-02,deep_backside,opening_fbo,1.340359524609237,grade_a,1,0.75,0.75,1.6,0.4,44.78138222849085,50.21156558533146,3.545,5.1325,,1,0,2025-05
GPUS,2025-05-05,high_and_tight,opening_fbo,2.044784888004769,grade_a,1,0.8,0.8,2.1,0.4,131.3868613138686,562.7737226277371,1.37,3.17,,2,0,2025-05
FOXO,2025-05-06,high_and_tight,opening_fbo,2.450290936747455,grade_a,1,0.8,0.8,2.1,0.4,219.142044556802,274.16653499763,1.2658,4.0397,,3,0,2025-05
KTTA,2025-05-06,backside_pop,opening_fbo,0.13062722878978805,grade_b,1,0.728,0.728,1.8,0.4,55.633802816901415,166.90140845070425,1.42,2.21,,4,0,2025-05
AIFU,2025-05-06,backside_pop,opening_fbo,2.1451331660641886,grade_a,1,0.728,0.728,1.8,0.4,90.3643724696356,126.72064777327932,2.47,4.702,,5,0,2025-05
NCEW,2025-05-07,deep_backside,opening_fbo,0.30603162436252135,grade_b,1,0.75,0.75,1.6,0.4,41.70403587443947,78.02690582959642,2.23,3.16,,6,0,2025-05
CNEY,2025-05-07,deep_backside,opening_fbo,0.47770100634697704,grade_b,1,0.75,0.75,1.6,0.4,62.53086419753085,62.53086419753087,4.05,6.5825,,7,0,2025-05
ASST,2025-05-08,backside_pop,opening_fbo,2.162425340915979,grade_a,1,0.728,0.728,1.8,0.4,63.71681415929202,159.58702064896758,3.39,5.55,,8,0,2025-05
STI,2025-05-08,deep_backside,opening_fbo,1.1562010321951415,grade_a,1,0.75,0.75,1.6,0.4,53.8788522848034,82.99681190223166,4.705,7.24,,9,0,2025-05
WGRX,2025-05-08,deep_backside,opening_fbo,1.3782958349616619,grade_a,1,0.75,0.75,1.6,0.4,52.77777777777776,62.962962962962955,4.32,6.6,,10,0,2025-05
SYTA,2025-05-09,backside_pop,opening_fbo,0.15419877588654174,grade_b,1,0.728,0.728,1.8,0.4,68.4360963658636,104.1649652919559,0.9796,1.65,,11,0,2025-05
ZKIN,2025-05-09,deep_backside,opening_fbo,1.800544788824396,grade_a,1,0.75,0.75,1.6,0.4,64.28571428571426,77.38095238095238,2.52,4.14,,12,0,2025-05
SHPH,2025-05-09,deep_backside,opening_fbo,1.4793853197325721,grade_a,1,0.75,0.75,1.6,0.4,64.07407407407406,66.66666666666667,6.75,11.075,,13,0,2025-05
KDLY,2025-05-12,frontside,opening_fbo,2.1509572660357916,grade_a,1,0.75,0.75,1.8,0.5,631.1538461538462,706.4102564102564,3.9,28.514999999999997,,14,0,2025-05
YHC,2025-05-12,backside_pop,opening_fbo,2.0786441478437663,grade_a,1,0.728,0.728,1.8,0.4,93.46733668341707,286.9346733668342,1.99,3.85,,15,0,2025-05
CTMX,2025-05-12,backside_pop,opening_fbo,2.4888684541329122,grade_a,1,0.728,0.728,1.8,0.4,104.65316673847478,134.8125807841448,0.9284,1.9,,16,0,2025-05
NXTT,2025-05-12,backside_pop,opening_fbo,1.5290122024685127,grade_a,1,0.728,0.728,1.8,0.4,70.33898305084745,103.38983050847456,2.36,4.02,,17,0,2025-05
GDC,2025-05-12,deep_backside,opening_fbo,2.1524120556976367,grade_a,1,0.75,0.75,1.6,0.4,53.40909090909089,79.54545454545455,2.2,3.375,,18,0,2025-05
HCWB,2025-05-13,high_and_tight,opening_fbo,-0.16919115294185863,grade_b,0,0.8,0.8,2.1,0.4,187.9078694817658,241.64875239923225,5.21,15.0,,0,1,2025-05
LOBO,2025-05-13,high_and_tight,opening_fbo,-0.41464303516880285,grade_c,0,0.8,0.8,2.1,0.4,160.55263157894737,217.1052631578947,0.76,1.9802,,0,2,2025-05
CNSP,2025-05-13,backside_pop,opening_fbo,1.912149317684102,grade_a,1,0.728,0.728,1.8,0.4,101.65289256198348,139.66115702479337,14.52,29.28,,1,0,2025-05
LSEA,2025-05-13,deep_backside,opening_fbo,1.9930111337051784,grade_a,1,0.75,0.75,1.6,0.4,60.08553100498932,60.65573770491803,7.015,11.23,,2,0,2025-05
SEPN,2025-05-14,deep_backside,opening_fbo,1.5225054399114146,grade_a,1,0.75,0.75,1.6,0.4,60.77265973254086,68.79643387815749,6.73,10.82,,3,0,2025-05
LUCY,2025-05-14,deep_backside,opening_fbo,2.156289463953575,grade_a,1,0.75,0.75,1.6,0.4,51.51515151515152,63.63636363636365,1.98,3.0,,4,0,2025-05
QNRX,2025-05-14,deep_backside,opening_fbo,1.2527370523562005,grade_a,1,0.75,0.75,1.6,0.4,38.836477987421375,51.415094339622634,6.36,8.83,,5,0,2025-05
BLUE,2025-05-14,deep_backside,opening_fbo,1.8505191473432157,grade_a,1,0.75,0.75,1.6,0.4,50.15105740181268,50.75528700906344,3.31,4.97,,6,0,2025-05
AYTU,2025-05-15,deep_backside,opening_fbo,1.0553444971331458,grade_a,1,0.75,0.75,1.6,0.4,43.70370370370369,100.0,1.35,1.94,,7,0,2025-05
FL,2025-05-15,deep_backside,opening_fbo,1.1505987627087768,grade_a,1,0.75,0.75,1.6,0.4,83.3721833721834,86.16938616938619,12.87,23.6,,8,0,2025-05
INZY,2025-05-16,high_and_tight,opening_fbo,1.7115738287918512,grade_a,1,0.8,0.8,2.1,0.4,178.16901408450707,178.87323943661974,1.42,3.9499999999999997,,9,0,2025-05
CAPS,2025-05-16,deep_backside,opening_fbo,1.5326937372881027,grade_a,1,0.75,0.75,1.6,0.4,66.26506024096385,98.19277108433737,1.66,2.76,,10,0,2025-05
TSSI,2025-05-16,deep_backside,opening_fbo,1.4043447523243098,grade_a,1,0.75,0.75,1.6,0.4,46.56144306651636,84.89289740698986,8.87,13.0,,11,0,2025-05
AMST,2025-05-16,deep_backside,opening_fbo,1.798512319049626,grade_a,1,0.75,0.75,1.6,0.4,71.8705357142857,81.69642857142856,2.24,3.8499,,12,0,2025-05
BON,2025-05-16,deep_backside,opening_fbo,1.5639324640115673,grade_a,1,0.75,0.75,1.6,0.4,57.00575815738963,62.188099808061416,1.3025,2.045,,13,0,2025-05
PTIX,2025-05-19,high_and_tight,opening_fbo,0.40366222904522936,grade_b,1,0.8,0.8,2.1,0.4,172.93729372937295,371.28712871287127,3.03,8.27,,14,0,2025-05
NRXS,2025-05-20,high_and_tight,opening_fbo,-0.09404246729064557,grade_b,0,0.8,0.8,2.1,0.4,145.37444933920708,173.12775330396474,2.27,5.57,,0,1,2025-05
SYTA,2025-05-20,backside_pop,opening_fbo,2.1639345537063006,grade_a,1,0.728,0.728,1.8,0.4,53.56265356265355,107.37100737100734,4.07,6.25,,1,0,2025-05
EYEN,2025-05-20,deep_backside,opening_fbo,1.3526723284145232,grade_a,1,0.75,0.75,1.6,0.4,57.52212389380532,59.29203539823011,1.13,1.78,,2,0,2025-05
QIPT,2025-05-20,deep_backside,opening_fbo,2.169230314386066,grade_a,1,0.75,0.75,1.6,0.4,36.20071684587813,59.139784946236574,1.395,1.9,,3,0,2025-05
SGMA,2025-05-21,backside_pop,opening_fbo,1.6902053631319207,grade_a,1,0.728,0.728,1.8,0.4,127.13178294573645,131.78294573643413,1.29,2.9299999999999997,,4,0,2025-05
VIGL,2025-05-22,high_and_tight,opening_fbo,2.662959246854201,grade_a,1,0.8,0.8,2.1,0.4,240.6926406926407,244.15584415584416,2.31,7.870000000000001,,5,0,2025-05
NVTS,2025-05-22,high_and_tight,opening_fbo,2.5357910351636344,grade_a,1,0.8,0.8,2.1,0.4,156.8062827225131,174.869109947644,1.91,4.905,,6,0,2025-05
XAGE,2025-05-22,deep_backside,opening_fbo,0.4014763248174564,grade_b,1,0.75,0.75,1.6,0.4,58.496732026143775,61.76470588235294,3.06,4.85,,7,0,2025-05
IMNN,2025-05-23,high_and_tight,opening_fbo,2.567288184146021,grade_a,1,0.8,0.8,2.1,0.4,205.64627733185716,234.54193191253805,5.4195,16.5645,,8,0,2025-05
SBET,2025-05-27,frontside,opening_fbo,2.2093663544096085,grade_a,1,0.75,0.75,1.8,0.5,404.91071428571433,695.3869047619048,6.72,33.93,,9,0,2025-05
SGN,2025-05-28,frontside,opening_fbo,0.4254979606512737,grade_b,1,0.75,0.75,1.8,0.5,281.9277108433735,414.4457831325301,0.83,3.17,,10,0,2025-05
LVWR,2025-05-28,deep_backside,opening_fbo,1.0139968299695032,grade_a,1,0.75,0.75,1.6,0.4,44.53125000000001,82.421875,2.56,3.7,,11,0,2025-05
ALZN,2025-05-29,backside_pop,opening_fbo,1.199260980264377,grade_a,1,0.728,0.728,1.8,0.4,133.73493975903614,147.59036144578317,3.32,7.76,,12,0,2025-05
HCTI,2025-05-29,backside_pop,opening_fbo,1.0893787162124786,grade_a,1,0.728,0.728,1.8,0.4,105.17241379310344,120.6896551724138,1.4442,2.9631,,13,0,2025-05
ZEO,2025-05-29,backside_pop,opening_fbo,1.4951543793357915,grade_a,1,0.728,0.728,1.8,0.4,80.37974683544303,119.62025316455696,1.58,2.85,,14,0,2025-05
WETO,2025-05-29,backside_pop,opening_fbo,1.9230121777604605,grade_a,1,0.728,0.728,1.8,0.4,97.44897959183676,116.83673469387756,1.96,3.87,,15,0,2025-05
GITS,2025-05-30,high_and_tight,opening_fbo,2.426097745788288,grade_a,1,0.8,0.8,2.1,0.4,217.89473684210532,228.4105263157895,0.95,3.0200000000000005,,16,0,2025-05
BLRX,2025-05-30,backside_pop,opening_fbo,0.1823602682433556,grade_b,1,0.728,0.728,1.8,0.4,54.84449602996649,104.96188240259568,3.7909,5.87,,17,0,2025-05
BSLK,2025-05-30,deep_backside,opening_fbo,0.9688992729612895,grade_a,1,0.75,0.75,1.6,0.4,75.13812154696132,96.13259668508285,1.81,3.17,,18,0,2025-05
LYRA,2025-06-02,frontside,opening_fbo,1.9570836813913133,grade_a,1,0.75,0.75,1.8,0.5,488.43813387423944,660.6490872210954,4.93,29.009999999999998,,19,0,2025-06
INM,2025-06-02,high_and_tight,opening_fbo,-0.11531084699849925,grade_b,0,0.8,0.8,2.1,0.4,122.89156626506022,220.48192771084337,2.49,5.55,,0,1,2025-06
OGEN,2025-06-02,high_and_tight,opening_fbo,1.6031071808381874,grade_a,1,0.8,0.8,2.1,0.4,125.0,166.66666666666666,3.6,8.1,,1,0,2025-06
IRD,2025-06-02,deep_backside,opening_fbo,1.063784108836427,grade_a,1,0.75,0.75,1.6,0.4,69.9346405228758,75.96782302664656,0.9945,1.69,,2,0,2025-06
VERA,2025-06-02,deep_backside,opening_fbo,1.3476867249702107,grade_a,1,0.75,0.75,1.6,0.4,67.4934036939314,73.24538258575197,18.95,31.74,,3,0,2025-06
MCTR,2025-06-03,deep_backside,opening_fbo,0.01512148319276671,grade_b,1,0.75,0.75,1.6,0.4,45.30908794057022,587.5650523480072,4.8999,7.12,,4,0,2025-06
TRAW,2025-06-03,deep_backside,opening_fbo,1.6560514691610113,grade_a,1,0.75,0.75,1.6,0.4,78.16901408450704,81.69014084507045,1.42,2.5300000000000002,,5,0,2025-06
KWM,2025-06-04,high_and_tight,opening_fbo,1.745099224099367,grade_a,1,0.8,0.8,2.1,0.4,147.91666666666669,236.97395833333331,1.92,4.76,,6,0,2025-06
CLRB,2025-06-04,backside_pop,opening_fbo,1.6482365432255726,grade_a,1,0.728,0.728,1.8,0.4,53.38616714697406,147.2946685878963,8.328,12.774,,7,0,2025-06
STSS,2025-06-04,deep_backside,opening_fbo,1.7794961627545751,grade_a,1,0.75,0.75,1.6,0.4,56.55080213903744,88.23529411764706,3.74,5.855,,8,0,2025-06
BAOS,2025-06-04,deep_backside,opening_fbo,1.310693805720818,grade_a,1,0.75,0.75,1.6,0.4,83.1223628691983,85.2320675105485,2.37,4.34,,9,0,2025-06
SCNI,2025-06-05,backside_pop,opening_fbo,-0.355730690252205,grade_c,0,0.728,0.728,1.8,0.4,138.4920634920635,145.2380952380952,2.52,6.01,,0,1,2025-06
ZENA,2025-06-05,deep_backside,opening_fbo,1.2343475467770884,grade_a,1,0.75,0.75,1.6,0.4,48.74213836477988,117.61006289308176,3.18,4.73,,1,0,2025-06
WBUY,2025-06-06,backside_pop,opening_fbo,1.6660542366117574,grade_a,1,0.728,0.728,1.8,0.4,58.04347826086956,116.08478260869566,4.6,7.27,,2,0,2025-06
EYEN,2025-06-06,deep_backside,opening_fbo,1.693486533231909,grade_a,1,0.75,0.75,1.6,0.4,36.624203821656046,87.26114649681527,3.14,4.29,,3,0,2025-06
VERO,2025-06-06,deep_backside,opening_fbo,1.4311798447781956,grade_a,1,0.75,0.75,1.6,0.4,62.76150627615063,77.82426778242677,2.39,3.89,,4,0,2025-06
KNW,2025-06-09,high_and_tight,opening_fbo,0.1333546785408669,grade_b,1,0.8,0.8,2.1,0.4,119.23076923076924,151.27564102564102,1.56,3.42,,5,0,2025-06
KLTO,2025-06-10,backside_pop,opening_fbo,1.5051254194196626,grade_a,1,0.728,0.728,1.8,0.4,63.1868131868132,114.82967032967034,1.82,2.9699999999999998,,6,0,2025-06
EVGN,2025-06-10,backside_pop,opening_fbo,0.19443458762935256,grade_b,1,0.728,0.728,1.8,0.4,84.07079646017701,114.15929203539824,1.13,2.08,,7,0,2025-06
MEGL,2025-06-10,deep_backside,opening_fbo,-0.30593765515403926,grade_c,0,0.75,0.75,1.6,0.4,67.04394660838344,74.06915931621265,1.2811,2.14,,0,1,2025-06
VTAK,2025-06-11,high_and_tight,opening_fbo,2.425888891410067,grade_a,1,0.8,0.8,2.1,0.4,214.5318021201414,264.52715268737217,4.3016,13.529900000000001,,1,0,2025-06
KZIA,2025-06-11,backside_pop,opening_fbo,1.9481598384584262,grade_a,1,0.728,0.728,1.8,0.4,99.79829886019829,144.70344223926318,5.2553,10.5,,2,0,2025-06
TRNR,2025-06-11,deep_backside,opening_fbo,0.23936043459854817,grade_b,1,0.75,0.75,1.6,0.4,47.84445272704686,56.54118524040255,8.049,11.9,,3,0,2025-06
HCTI,2025-06-12,frontside,opening_fbo,1.8445174192293847,grade_a,1,0.75,0.75,1.8,0.5,260.8695652173913,371.7391304347826,2.2908,8.2668,,4,0,2025-06
GNLN,2025-06-12,backside_pop,opening_fbo,1.7293751651107019,grade_a,1,0.728,0.728,1.8,0.4,96.10389610389608,119.48051948051948,5.775,11.325,,5,0,2025-06
SOAR,2025-06-12,deep_backside,opening_fbo,2.2299142216435683,grade_a,1,0.75,0.75,1.6,0.4,55.5299539170507,69.12442396313365,2.17,3.375,,6,0,2025-06
RBNE,2025-06-13,frontside,opening_fbo,1.0918552200835052,grade_a,1,0.75,0.75,1.8,0.5,247.7611940298507,514.0268656716418,3.35,11.65,,7,0,2025-06
HUSA,2025-06-13,backside_pop,opening_fbo,0.11104875967364203,grade_b,1,0.728,0.728,1.8,0.4,80.11204481792717,176.47058823529412,7.14,12.86,,8,0,2025-06
USEG,2025-06-13,deep_backside,opening_fbo,0.9622135222972058,grade_a,1,0.75,0.75,1.6,0.4,79.57746478873239,93.66197183098592,1.42,2.55,,9,0,2025-06
ICON,2025-06-13,deep_backside,opening_fbo,1.5274536565120354,grade_a,1,0.75,0.75,1.6,0.4,60.89385474860334,83.79329608938546,1.79,2.88,,10,0,2025-06
SRM,2025-06-16,frontside,opening_fbo,0.4494486256256049,grade_b,1,0.75,0.75,1.8,0.5,280.6896551724138,647.5793103448276,1.45,5.52,,11,0,2025-06
RGC,2025-06-16,backside_pop,opening_fbo,1.2453197059002707,grade_a,1,0.728,0.728,1.8,0.4,67.29989463937932,433.8271447271798,15.6605,26.200000000000003,,12,0,2025-06
DWSN,2025-06-16,frontside,opening_fbo,1.3507896428952186,grade_a,1,0.75,0.75,1.8,0.5,301.45985401459853,304.37956204379554,1.37,5.5,,13,0,2025-06
SONM,2025-06-16,backside_pop,opening_fbo,1.589768115280786,grade_a,1,0.728,0.728,1.8,0.4,64.55151645515166,130.15702301570232,0.9298,1.53,,14,0,2025-06
BATL,2025-06-16,backside_pop,opening_fbo,1.3110160869186025,grade_a,1,0.728,0.728,1.8,0.4,78.04878048780488,123.77439024390245,1.64,2.92,,15,0,2025-06
STAK,2025-06-16,backside_pop,opening_fbo,1.1027316264517657,grade_a,1,0.728,0.728,1.8,0.4,91.7948717948718,103.58974358974362,1.95,3.74,,16,0,2025-06
SATS,2025-06-16,deep_backside,opening_fbo,-0.3330619431505258,grade_c,0,0.75,0.75,1.6,0.4,44.12114014251781,50.17755344418051,16.84,24.27,,0,1,2025-06
CERO,2025-06-17,backside_pop,opening_fbo,0.41230761673046784,grade_b,1,0.728,0.728,1.8,0.4,51.71811298776936,292.98194525334884,6.868,10.42,,1,0,2025-06
ACXP,2025-06-17,high_and_tight,opening_fbo,2.590259211908436,grade_a,1,0.8,0.8,2.1,0.4,197.88342559426897,241.90817323347443,6.142,18.296,,2,0,2025-06
VERV,2025-06-17,deep_backside,opening_fbo,1.0342674720679892,grade_a,1,0.75,0.75,1.6,0.4,75.99681020733654,81.89792663476874,6.27,11.035,,3,0,2025-06
APVO,2025-06-18,high_and_tight,opening_fbo,2.623825527044334,grade_a,1,0.8,0.8,2.1,0.4,118.43971631205676,364.8900709219858,2.82,6.16,,4,0,2025-06
KWE,2025-06-18,backside_pop,opening_fbo,1.127861725538273,grade_a,1,0.728,0.728,1.8,0.4,68.22916666666666,166.84027777777777,5.76,9.69,,5,0,2025-06
LSE,2025-06-18,deep_backside,opening_fbo,0.3147327444476707,grade_b,1,0.75,0.75,1.6,0.4,71.17117117117118,76.2144144144144,5.55,9.5,,6,0,2025-06
LGHL,2025-06-18,deep_backside,opening_fbo,1.8420533598136561,grade_a,1,0.75,0.75,1.6,0.4,62.23021582733813,74.09712230215828,2.78,4.51,,7,0,2025-06
RELI,2025-06-18,deep_backside,opening_fbo,1.3007522971462604,grade_a,1,0.75,0.75,1.6,0.4,44.23963133640553,63.59447004608294,2.17,3.13,,8,0,2025-06
WHLR,2025-06-20,high_and_tight,opening_fbo,2.1519557979195385,grade_a,1,0.8,0.8,2.1,0.4,121.6374269005848,193.85964912280707,3.42,7.58,,9,0,2025-06
INDP,2025-06-23,high_and_tight,opening_fbo,1.3865383789322911,grade_a,1,0.8,0.8,2.1,0.4,105.70159200296187,163.30988522769343,7.5628,15.5568,,10,0,2025-06
CDTX,2025-06-23,backside_pop,opening_fbo,0.14262068186627852,grade_b,1,0.728,0.728,1.8,0.4,93.2921027592769,115.9372026641294,21.02,40.63,,11,0,2025-06
HUSA,2025-06-23,deep_backside,opening_fbo,0.33467850632512613,grade_b,1,0.75,0.75,1.6,0.4,43.71621621621621,72.70202702702701,14.8,21.27,,12,0,2025-06
INDO,2025-06-23,deep_backside,opening_fbo,1.3004882215271978,grade_a,1,0.75,0.75,1.6,0.4,30.434782608695656,57.11462450592888,5.06,6.6,,13,0,2025-06
SPTN,2025-06-23,deep_backside,opening_fbo,1.6181849309080627,grade_a,1,0.75,0.75,1.6,0.4,49.178004535147394,51.07709750566891,17.64,26.315,,14,0,2025-06
NKTR,2025-06-24,high_and_tight,opening_fbo,1.4032572727315311,grade_a,1,0.8,0.8,2.1,0.4,108.80503144654092,190.14675052410905,9.54,19.92,,15,0,2025-06
,2025-06-24,high_and_tight,opening_fbo,2.6317651834559053,grade_a,1,0.8,0.8,2.1,0.4,165.564738292011,189.07254361799815,10.89,28.92,,16,0,2025-06
INM,2025-06-24,backside_pop,opening_fbo,0.38130273581863366,grade_b,1,0.728,0.728,1.8,0.4,71.83673469387753,124.48979591836734,2.45,4.21,,17,0,2025-06
GCTK,2025-06-25,high_and_tight,opening_fbo,2.672129855699467,grade_a,1,0.8,0.8,2.1,0.4,137.43961352657007,156.0386473429952,6.21,14.745000000000001,,18,0,2025-06
ULY,2025-06-25,backside_pop,opening_fbo,1.4408360167194394,grade_a,1,0.728,0.728,1.8,0.4,79.25536652712213,109.75995368308544,4.4908,8.05,,19,0,2025-06
CYN,2025-06-26,frontside,opening_fbo,2.416698358923577,grade_a,1,0.75,0.75,1.8,0.5,227.3453093812375,729.1417165668664,5.01,16.4,,20,0,2025-06
ASTI,2025-06-26,high_and_tight,opening_fbo,2.026543042423909,grade_a,1,0.8,0.8,2.1,0.4,146.3519313304721,218.4549356223176,1.165,2.87,,21,0,2025-06
LCFY,2025-06-27,frontside,opening_fbo,1.393705950173746,grade_a,1,0.75,0.75,1.8,0.5,284.7058823529412,448.23529411764713,2.55,9.81,,22,0,2025-06
BMNR,2025-06-30,frontside,opening_fbo,2.3033625394642883,grade_a,1,0.75,0.75,1.8,0.5,251.69988276670577,705.6271981242674,4.265,15.0,,23,0,2025-06
ARTL,2025-06-30,high_and_tight,opening_fbo,2.899262797896393,grade_a,1,0.8,0.8,2.1,0.4,201.9145802650957,276.7304860088365,6.79,20.5,,24,0,2025-06
IPDN,2025-06-30,backside_pop,opening_fbo,1.9223758028208167,grade_a,1,0.728,0.728,1.8,0.4,98.28571428571428,182.2857142857143,1.75,3.47,,25,0,2025-06
WBUY,2025-06-30,deep_backside,opening_fbo,2.178478390913858,grade_a,1,0.75,0.75,1.6,0.4,55.950266429840134,73.71225577264653,5.63,8.78,,26,0,2025-06
BGLC,2025-07-01,frontside,opening_fbo,1.6926461902983723,grade_a,1,0.75,0.75,1.8,0.5,230.45602605863192,408.1433224755701,3.07,10.145,,27,0,2025-07
CLRO,2025-07-01,high_and_tight,opening_fbo,1.6228907055547706,grade_a,1,0.8,0.8,2.1,0.4,117.3913043478261,168.17391304347825,5.75,12.5,,28,0,2025-07
BMNR,2025-07-01,backside_pop,opening_fbo,0.47871648291301333,grade_b,1,0.728,0.728,1.8,0.4,53.39233038348083,120.64896755162242,33.9,52.0,,29,0,2025-07
WETO,2025-07-01,deep_backside,opening_fbo,1.571454414953056,grade_a,1,0.75,0.75,1.6,0.4,86.99551569506725,87.44394618834079,2.23,4.17,,30,0,2025-07
GPUS,2025-07-01,deep_backside,opening_fbo,1.498754347478727,grade_a,1,0.75,0.75,1.6,0.4,44.28571428571429,59.2857142857143,1.4,2.02,,31,0,2025-07
MOGO,2025-07-02,high_and_tight,opening_fbo,2.4945410120852216,grade_a,1,0.8,0.8,2.1,0.4,187.60330578512395,216.52892561983475,1.21,3.48,,32,0,2025-07
DAIC,2025-07-02,backside_pop,opening_fbo,1.7530081954990648,grade_a,1,0.728,0.728,1.8,0.4,86.98481561822122,210.19522776572668,4.61,8.62,,33,0,2025-07
ELWS,2025-07-02,deep_backside,opening_fbo,0.2857918744750099,grade_b,1,0.75,0.75,1.6,0.4,50.26315789473684,74.21052631578948,1.9,2.855,,34,0,2025-07
GITS,2025-07-03,high_and_tight,opening_fbo,2.4317372759021776,grade_a,1,0.8,0.8,2.1,0.4,152.76073619631904,200.61349693251535,1.63,4.12,,35,0,2025-07
LRHC,2025-07-03,high_and_tight,opening_fbo,1.8920476780706448,grade_a,1,0.8,0.8,2.1,0.4,178.65168539325842,191.1360799001248,6.408,17.856,,36,0,2025-07
MBIO,2025-07-07,high_and_tight,opening_fbo,2.8802317869246603,grade_a,1,0.8,0.8,2.1,0.4,199.15966386554624,488.2352941176471,1.19,3.56,,37,0,2025-07
LGPS,2025-07-07,high_and_tight,opening_fbo,1.58899437610878,grade_a,1,0.8,0.8,2.1,0.4,140.4761904761905,158.33333333333334,0.84,2.02,,38,0,2025-07
ARTL,2025-07-07,backside_pop,opening_fbo,2.19188533665188,grade_a,1,0.728,0.728,1.8,0.4,114.52736318407956,134.02985074626864,10.05,21.56,,39,0,2025-07
SONN,2025-07-07,deep_backside,opening_fbo,1.182642997571467,grade_a,1,0.75,0.75,1.6,0.4,46.42857142857144,53.06122448979591,3.92,5.74,,40,0,2025-07
NDRA,2025-07-08,high_and_tight,opening_fbo,0.4226452925225384,grade_b,1,0.8,0.8,2.1,0.4,206.65972342764567,246.0047445466644,3.4566,10.6,,41,0,2025-07
SQNS,2025-07-08,deep_backside,opening_fbo,1.8421350197485,grade_a,1,0.75,0.75,1.6,0.4,39.51048951048952,87.41258741258744,1.43,1.995,,42,0,2025-07
CLDI,2025-07-09,high_and_tight,opening_fbo,2.864036481260383,grade_a,1,0.8,0.8,2.1,0.4,166.95522388059706,377.61194029850753,4.02,10.7316,,43,0,2025-07
SUGP,2025-07-09,high_and_tight,opening_fbo,2.0901583783784146,grade_a,1,0.8,0.8,2.1,0.4,105.71746384872078,309.34371523915456,4.495,9.247,,44,0,2025-07
EVOK,2025-07-09,high_and_tight,opening_fbo,0.19251219273578646,grade_b,1,0.8,0.8,2.1,0.4,219.5488721804511,271.42857142857144,2.66,8.5,,45,0,2025-07
BMGL,2025-07-09,backside_pop,opening_fbo,1.3754194779549773,grade_a,1,0.728,0.728,1.8,0.4,70.87912087912088,104.94505494505492,1.82,3.11,,46,0,2025-07
SCAG,2025-07-09,deep_backside,opening_fbo,0.487329681037684,grade_b,1,0.75,0.75,1.6,0.4,86.90476190476188,94.52142857142856,4.2,7.85,,47,0,2025-07
KZIA,2025-07-09,deep_backside,opening_fbo,0.42464071148373145,grade_b,1,0.75,0.75,1.6,0.4,43.5897435897436,58.09523809523809,6.825,9.8,,48,0,2025-07
SOBR,2025-07-09,deep_backside,opening_fbo,1.2720089314561749,grade_a,1,0.75,0.75,1.6,0.4,43.62017804154302,56.973293768545986,3.37,4.84,,49,0,2025-07
BTCM,2025-07-10,high_and_tight,opening_fbo,1.3226670891112273,grade_a,1,0.8,0.8,2.1,0.4,185.36585365853657,228.0447154471545,2.46,7.02,,50,0,2025-07
SAFX,2025-07-10,backside_pop,opening_fbo,-0.4304731465937238,grade_c,0,0.728,0.728,1.8,0.4,136.66666666666666,139.33333333333331,1.5,3.55,,0,1,2025-07
STKH,2025-07-10,deep_backside,opening_fbo,2.122923337812912,grade_a,1,0.75,0.75,1.6,0.4,48.57142857142858,105.14285714285712,1.75,2.6,,1,0,2025-07
MP,2025-07-10,deep_backside,opening_fbo,2.0372566413773754,grade_a,1,0.75,0.75,1.6,0.4,60.17316017316017,60.22311022311022,30.03,48.1,,2,0,2025-07
INKT,2025-07-11,high_and_tight,opening_fbo,2.5012996396368914,grade_a,1,0.8,0.8,2.1,0.4,172.5743855109961,883.1824062095731,7.73,21.07,,3,0,2025-07
ABVE,2025-07-11,high_and_tight,opening_fbo,-0.08271518979824889,grade_b,0,0.8,0.8,2.1,0.4,125.80645161290325,183.8709677419355,1.55,3.5,,0,1,2025-07
SGN,2025-07-11,high_and_tight,opening_fbo,1.8406235324740075,grade_a,1,0.8,0.8,2.1,0.4,153.65853658536585,167.47967479674796,1.23,3.12,,1,0,2025-07
FTFT,2025-07-11,backside_pop,opening_fbo,1.0939720185185244,grade_a,1,0.728,0.728,1.8,0.4,54.3046357615894,166.88741721854305,1.51,2.33,,2,0,2025-07
CVM,2025-07-11,deep_backside,opening_fbo,0.18817064752187773,grade_b,1,0.75,0.75,1.6,0.4,63.87434554973822,85.60209424083769,3.82,6.26,,3,0,2025-07
ZBAI,2025-07-11,deep_backside,opening_fbo,2.19041848515854,grade_a,1,0.75,0.75,1.6,0.4,53.14578005115088,67.21227621483375,7.038,10.7784,,4,0,2025-07
HOLO,2025-07-11,deep_backside,opening_fbo,1.9511669817025539,grade_a,1,0.75,0.75,1.6,0.4,59.7682119205298,65.39735099337749,6.04,9.65,,5,0,2025-07
SQFT,2025-07-14,high_and_tight,opening_fbo,2.0128884792154316,grade_a,1,0.8,0.8,2.1,0.4,113.30724070450098,350.0978473581213,5.11,10.9,,6,0,2025-07
SONN,2025-07-14,high_and_tight,opening_fbo,2.418723129842965,grade_a,1,0.8,0.8,2.1,0.4,190.715667311412,273.3075435203095,5.17,15.03,,7,0,2025-07
DARE,2025-07-14,high_and_tight,opening_fbo,1.4301141375136568,grade_a,1,0.8,0.8,2.1,0.4,214.5129224652087,265.40755467196817,2.515,7.91,,8,0,2025-07
MGRM,2025-07-14,deep_backside,opening_fbo,1.5709186703791034,grade_a,1,0.75,0.75,1.6,0.4,68.08510638297874,82.97872340425529,3.29,5.53,,9,0,2025-07
XAGE,2025-07-15,high_and_tight,opening_fbo,1.8747194183982085,grade_a,1,0.8,0.8,2.1,0.4,145.3686200378072,212.66540642722111,2.645,6.49,,10,0,2025-07
NUWE,2025-07-16,high_and_tight,opening_fbo,2.485194218269454,grade_a,1,0.8,0.8,2.1,0.4,174.11167512690355,276.3596809282089,6.895,18.9,,11,0,2025-07
GTI,2025-07-16,deep_backside,opening_fbo,2.1543877756123155,grade_a,1,0.75,0.75,1.6,0.4,87.80821917808221,89.04109589041096,4.38,8.226,,12,0,2025-07
QLGN,2025-07-16,deep_backside,opening_fbo,1.9599922906892413,grade_a,1,0.75,0.75,1.6,0.4,53.82436260623229,88.95184135977338,3.53,5.43,,13,0,2025-07
GAME,2025-07-16,deep_backside,opening_fbo,1.45146883462795,grade_a,1,0.75,0.75,1.6,0.4,44.70198675496689,86.75496688741721,1.51,2.185,,14,0,2025-07
VLCN,2025-07-17,frontside,opening_fbo,0.12072996896585142,grade_b,1,0.75,0.75,1.8,0.5,341.5185976171633,377.9766486345848,9.2243,40.727,,15,0,2025-07
XXII,2025-07-17,backside_pop,opening_fbo,2.0744586166829198,grade_a,1,0.728,0.728,1.8,0.4,67.24890829694323,106.76855895196508,4.58,7.66,,16,0,2025-07
BSLK,2025-07-17,deep_backside,opening_fbo,1.9332127710457923,grade_a,1,0.75,0.75,1.6,0.4,90.49773755656108,96.38009049773754,2.21,4.21,,17,0,2025-07
TELO,2025-07-18,high_and_tight,opening_fbo,1.79581111278412,grade_a,1,0.8,0.8,2.1,0.4,152.4793388429752,156.19834710743805,1.21,3.0549999999999997,,18,0,2025-07
MEIP,2025-07-18,backside_pop,opening_fbo,1.7865989633446437,grade_a,1,0.728,0.728,1.8,0.4,99.55555555555556,100.0,4.5,8.98,,19,0,2025-07
BZAI,2025-07-18,deep_backside,opening_fbo,-0.3185416183105707,grade_c,0,0.75,0.75,1.6,0.4,75.24752475247524,79.53795379537955,3.03,5.31,,0,1,2025-07
ZIMV,2025-07-21,backside_pop,opening_fbo,2.4647704164826267,grade_a,1,0.728,0.728,1.8,0.4,122.21563981042654,122.80805687203792,8.44,18.755,,1,0,2025-07
GCTK,2025-07-21,deep_backside,opening_fbo,1.797086331770657,grade_a,1,0.75,0.75,1.6,0.4,66.5523156089194,67.23842195540308,5.83,9.71,,2,0,2025-07
HSDT,2025-07-21,deep_backside,opening_fbo,2.1222578234776193,grade_a,1,0.75,0.75,1.6,0.4,55.168539325842694,62.35955056179774,8.9,13.81,,3,0,2025-07
HTOO,2025-07-22,high_and_tight,opening_fbo,2.554175055770499,grade_a,1,0.8,0.8,2.1,0.4,129.20560747663552,195.0934579439252,4.28,9.81,,4,0,2025-07
KSS,2025-07-22,backside_pop,opening_fbo,2.4160467966691526,grade_a,1,0.728,0.728,1.8,0.4,89.53934740882917,105.27831094049908,10.42,19.75,,5,0,2025-07
IVF,2025-07-22,deep_backside,opening_fbo,-0.3668969045430859,grade_c,0,0.75,0.75,1.6,0.4,43.5294117647059,66.2745098039216,2.55,3.66,,0,1,2025-07
ABVX,2025-07-23,frontside,opening_fbo,2.2081165198271506,grade_a,1,0.75,0.75,1.8,0.5,531.0,613.5,10.0,63.1,,1,0,2025-07
PAPL,2025-07-23,high_and_tight,opening_fbo,1.7125980534428922,grade_a,1,0.8,0.8,2.1,0.4,142.00000000000003,172.28285714285713,3.5,8.47,,2,0,2025-07
AMOD,2025-07-23,backside_pop,opening_fbo,1.86708523600908,grade_a,1,0.728,0.728,1.8,0.4,70.68965517241381,124.1379310344828,1.16,1.98,,3,0,2025-07
ANEB,2025-07-23,deep_backside,opening_fbo,1.9007893162646303,grade_a,1,0.75,0.75,1.6,0.4,77.04918032786885,86.88524590163934,1.83,3.24,,4,0,2025-07
GPRO,2025-07-23,deep_backside,opening_fbo,1.804493305541555,grade_a,1,0.75,0.75,1.6,0.4,68.97810218978101,72.99270072992701,1.37,2.315,,5,0,2025-07
LIDR,2025-07-24,frontside,opening_fbo,1.4038793134778396,grade_a,1,0.75,0.75,1.8,0.5,256.63716814159295,324.77876106194697,1.13,4.03,,6,0,2025-07
MCVT,2025-07-25,backside_pop,opening_fbo,1.2036522899565982,grade_a,1,0.728,0.728,1.8,0.4,52.43243243243242,258.9189189189189,1.85,2.82,,7,0,2025-07
VAPE,2025-07-28,frontside,opening_fbo,-0.039429132157349334,grade_b,0,0.75,0.75,1.8,0.5,485.8028169014085,833.8591549295775,8.875,51.99,,0,1,2025-07
VWAV,2025-07-28,backside_pop,opening_fbo,1.8088170503138399,grade_a,1,0.728,0.728,1.8,0.4,74.46808510638296,435.74468085106383,2.35,4.1,,1,0,2025-07
CELC,2025-07-28,high_and_tight,opening_fbo,-0.007931937314656606,grade_b,0,0.8,0.8,2.1,0.4,233.76906318082789,237.10965867828617,13.77,45.959999999999994,,0,1,2025-07
GTI,2025-07-28,deep_backside,opening_fbo,1.3320858869767407,grade_a,1,0.75,0.75,1.6,0.4,58.131313131313135,66.45454545454544,5.94,9.393,,1,0,2025-07
SLRX,2025-07-29,high_and_tight,opening_fbo,1.3453962767829923,grade_a,1,0.8,0.8,2.1,0.4,110.49790851437052,211.69882606935633,11.1165,23.4,,2,0,2025-07
CLDI,2025-07-29,deep_backside,opening_fbo,-0.038110088290365246,grade_b,0,0.75,0.75,1.6,0.4,63.75545851528385,65.57496360989809,6.5952,10.8,,0,1,2025-07
REPL,2025-07-30,backside_pop,opening_fbo,1.1519241097145783,grade_a,1,0.728,0.728,1.8,0.4,71.06666666666666,115.20000000000002,3.75,6.415,,1,0,2025-07
BGLC,2025-07-30,backside_pop,opening_fbo,1.9781792657362374,grade_a,1,0.728,0.728,1.8,0.4,71.74887892376682,101.34529147982066,4.46,7.66,,2,0,2025-07
SNGX,2025-07-31,backside_pop,opening_fbo,1.7533441077686476,grade_a,1,0.728,0.728,1.8,0.4,51.19999999999999,330.40000000000003,1.25,1.89,,3,0,2025-07
PHLT,2025-08-01,backside_pop,opening_fbo,0.3636261735619351,grade_b,1,0.728,0.728,1.8,0.4,111.26760563380284,118.02816901408453,3.55,7.5,,4,0,2025-08
MWYN,2025-08-01,deep_backside,opening_fbo,1.8980717699894805,grade_a,1,0.75,0.75,1.6,0.4,91.1111111111111,94.44444444444444,0.9,1.72,,5,0,2025-08
VERB,2025-08-04,backside_pop,opening_fbo,2.064570372619748,grade_a,1,0.728,0.728,1.8,0.4,59.936908517350176,213.03890641430075,9.51,15.21,,6,0,2025-08
COMM,2025-08-04,deep_backside,opening_fbo,1.8705409676952416,grade_a,1,0.75,0.75,1.6,0.4,77.53530166880617,94.48010269576382,7.79,13.83,,7,0,2025-08
SCS,2025-08-04,deep_backside,opening_fbo,2.1040881471377446,grade_a,1,0.75,0.75,1.6,0.4,44.40078585461689,68.27111984282908,10.18,14.7,,8,0,2025-08
SNGX,2025-08-04,deep_backside,opening_fbo,1.734886476107043,grade_a,1,0.75,0.75,1.6,0.4,52.55474452554743,57.84671532846715,2.74,4.18,,9,0,2025-08
SMXT,2025-08-05,backside_pop,opening_fbo,1.3374745078047392,grade_a,1,0.728,0.728,1.8,0.4,72.04301075268818,168.81720430107526,0.93,1.6,,10,0,2025-08
YMAB,2025-08-05,backside_pop,opening_fbo,2.1274557356356913,grade_a,1,0.728,0.728,1.8,0.4,103.69928400954652,103.81861575178992,4.19,8.535,,11,0,2025-08
AIP,2025-08-05,deep_backside,opening_fbo,2.0970154783181294,grade_a,1,0.75,0.75,1.6,0.4,51.11111111111112,51.21693121693123,9.45,14.28,,12,0,2025-08
LPSN,2025-08-06,deep_backside,opening_fbo,2.0604983960765355,grade_a,1,0.75,0.75,1.6,0.4,57.71093838008334,62.216965190942865,0.8877,1.4,,13,0,2025-08
AVAH,2025-08-07,deep_backside,opening_fbo,1.0965511412902,grade_a,1,0.75,0.75,1.6,0.4,36.760925449871465,59.383033419023135,3.89,5.32,,14,0,2025-08
MRM,2025-08-08,backside_pop,opening_fbo,1.8463189252764889,grade_a,1,0.728,0.728,1.8,0.4,69.16666666666666,194.15833333333333,1.2,2.03,,15,0,2025-08
ENTO,2025-08-11,backside_pop,opening_fbo,2.2864287686971805,grade_a,1,0.728,0.728,1.8,0.4,53.32967936420938,113.75719375171278,1.0947,1.6785,,16,0,2025-08
IMXI,2025-08-11,deep_backside,opening_fbo,2.229738274990366,grade_a,1,0.75,0.75,1.6,0.4,63.95474137931035,64.54741379310344,9.28,15.215,,17,0,2025-08
ATNF,2025-08-12,backside_pop,opening_fbo,1.9899961698525712,grade_a,1,0.728,0.728,1.8,0.4,79.0419161676647,281.43712574850304,3.34,5.98,,18,0,2025-08
WOW,2025-08-12,deep_backside,opening_fbo,1.420372934841554,grade_a,1,0.75,0.75,1.6,0.4,49.556213017751475,50.591715976331365,3.38,5.055,,19,0,2025-08
BSLK,2025-08-13,backside_pop,opening_fbo,-0.3008606849795312,grade_c,0,0.728,0.728,1.8,0.4,60.09174311926605,705.0458715596329,2.18,3.49,,0,1,2025-08
MNTS,2025-08-13,backside_pop,opening_fbo,2.5197235277781598,grade_a,1,0.728,0.728,1.8,0.4,70.27027027027025,119.8198198198198,1.11,1.89,,1,0,2025-08
WBTN,2025-08-13,deep_backside,opening_fbo,1.5431726228115086,grade_a,1,0.75,0.75,1.6,0.4,36.21794871794873,97.11538461538464,9.36,12.75,,2,0,2025-08
XPON,2025-08-14,high_and_tight,opening_fbo,1.8285203966884067,grade_a,1,0.8,0.8,2.1,0.4,179.38931297709922,319.8473282442748,1.31,3.66,,3,0,2025-08
TRIB,2025-08-14,high_and_tight,opening_fbo,1.4192928450318687,grade_a,1,0.8,0.8,2.1,0.4,114.78768682569532,240.49292289418983,1.0103,2.17,,4,0,2025-08
SNOA,2025-08-14,backside_pop,opening_fbo,-0.46326076307050057,grade_c,0,0.728,0.728,1.8,0.4,84.46920052424639,126.73328964613368,3.052,5.63,,0,1,2025-08
BMRA,2025-08-14,deep_backside,opening_fbo,1.0245842316578513,grade_a,1,0.75,0.75,1.6,0.4,38.61386138613862,51.81518151815181,3.03,4.2,,1,0,2025-08
PGEN,2025-08-15,deep_backside,opening_fbo,1.3984710152190918,grade_a,1,0.75,0.75,1.6,0.4,40.54054054054054,88.64324324324325,1.85,2.6,,2,0,2025-08
PPSI,2025-08-15,deep_backside,opening_fbo,2.0930875054586977,grade_a,1,0.75,0.75,1.6,0.4,55.62700964630225,83.27652733118973,3.11,4.84,,3,0,2025-08
TIVC,2025-08-15,deep_backside,opening_fbo,1.553917668837605,grade_a,1,0.75,0.75,1.6,0.4,45.42857142857142,59.999999999999986,3.5,5.09,,4,0,2025-08
SNGX,2025-08-18,deep_backside,opening_fbo,1.9488068561862584,grade_a,1,0.75,0.75,1.6,0.4,36.69064748201439,124.0971223021583,2.78,3.8,,5,0,2025-08
VTAK,2025-08-18,deep_backside,opening_fbo,0.07769756807990119,grade_b,1,0.75,0.75,1.6,0.4,55.55555555555555,65.13409961685824,2.61,4.06,,6,0,2025-08
PRFX,2025-08-19,high_and_tight,opening_fbo,0.14019979434162227,grade_b,1,0.8,0.8,2.1,0.4,132.08955223880594,167.910447761194,1.34,3.11,,7,0,2025-08
GXAI,2025-08-19,backside_pop,opening_fbo,1.469728839796126,grade_a,1,0.728,0.728,1.8,0.4,55.45454545454543,120.9090909090909,1.1,1.71,,8,0,2025-08
LASE,2025-08-19,backside_pop,opening_fbo,1.2126832377635726,grade_a,1,0.728,0.728,1.8,0.4,86.99186991869917,117.07317073170734,2.46,4.6,,9,0,2025-08
PLYM,2025-08-19,deep_backside,opening_fbo,2.1829474460357634,grade_a,1,0.75,0.75,1.6,0.4,51.02459016393441,54.71311475409835,14.64,22.11,,10,0,2025-08
SISI,2025-08-20,deep_backside,opening_fbo,1.0339474083285276,grade_a,1,0.75,0.75,1.6,0.4,52.92929292929293,57.97979797979798,4.95,7.57,,11,0,2025-08
APM,2025-08-21,high_and_tight,opening_fbo,1.966276759636992,grade_a,1,0.8,0.8,2.1,0.4,113.38582677165354,251.96850393700788,1.27,2.71,,12,0,2025-08
PTIX,2025-08-21,backside_pop,opening_fbo,0.23117230078270012,grade_b,1,0.728,0.728,1.8,0.4,59.64912280701756,171.92982456140356,2.28,3.64,,13,0,2025-08
AEMD,2025-08-21,deep_backside,opening_fbo,1.2119348355907058,grade_a,1,0.75,0.75,1.6,0.4,47.74774774774773,146.84684684684686,1.11,1.64,,14,0,2025-08
ELAB,2025-08-22,deep_backside,opening_fbo,-0.004814629465020398,grade_b,0,0.75,0.75,1.6,0.4,32.804232804232804,94.70899470899472,1.89,2.51,,0,1,2025-08
HCWB,2025-08-25,backside_pop,opening_fbo,1.6564526901602619,grade_a,1,0.728,0.728,1.8,0.4,58.50478122283395,112.9817444219067,3.451,5.47,,1,0,2025-08
CAPS,2025-08-25,deep_backside,opening_fbo,1.9618999463269573,grade_a,1,0.75,0.75,1.6,0.4,70.0,88.18181818181816,1.1,1.87,,2,0,2025-08
STSS,2025-08-25,deep_backside,opening_fbo,2.1352361116231693,grade_a,1,0.75,0.75,1.6,0.4,54.99660095173351,80.556084296397,7.355,11.4,,3,0,2025-08
ALLR,2025-08-26,backside_pop,opening_fbo,0.2412261219107485,grade_b,1,0.728,0.728,1.8,0.4,110.34739190481248,149.65473281631785,0.9413,1.98,,4,0,2025-08
SATS,2025-08-26,deep_backside,opening_fbo,1.8576116258296282,grade_a,1,0.75,0.75,1.6,0.4,81.09103078982598,84.70548862115126,29.88,54.11,,5,0,2025-08
